Position,Created,Title,URL,Title Type,IMDb Rating,Runtime (mins),Year,Genres,Num Votes,Release Date,Directors,Your Rating,Date Rated
1,3/7/2017,Moonlight,https://www.imdb.com/title/tt4975722/,Movie,7.4,111,2016,Drama,334146,11/18/2016,Barry Jenkins,7,4/11/2017
2,3/7/2017,The Transporter,https://www.imdb.com/title/tt0293662/,Movie,6.8,92,2002,"Action, Crime, Thriller",323117,10/11/2002,"Louis Leterrier, Corey Yuen",8,3/7/2017
3,3/7/2017,Titanic,https://www.imdb.com/title/tt0120338/,Movie,7.9,194,1997,"Drama, Romance",1293026,12/19/1997,James Cameron,9,3/7/2017
4,3/7/2017,The Fast and the Furious,https://www.imdb.com/title/tt0232500/,Movie,6.8,106,2001,"Action, Crime, Thriller",423030,6/22/2001,Rob Cohen,9,3/7/2017
5,3/7/2017,2 Fast 2 Furious,https://www.imdb.com/title/tt0322259/,Movie,5.9,107,2003,"Action, Crime, Thriller",300036,6/6/2003,John Singleton,8,3/7/2017
6,3/7/2017,Furious 7,https://www.imdb.com/title/tt2820852/,Movie,7.1,137,2015,"Action, Crime, Thriller",417223,4/3/2015,James Wan,8,3/7/2017
7,3/7/2017,xXx,https://www.imdb.com/title/tt0295701/,Movie,5.8,124,2002,"Action, Adventure, Thriller",187286,8/9/2002,Rob Cohen,6,3/7/2017
8,3/7/2017,Jason Bourne,https://www.imdb.com/title/tt4196776/,Movie,6.6,123,2016,"Action, Thriller",243920,7/29/2016,Paul Greengrass,8,3/7/2017
9,3/7/2017,The Bourne Identity,https://www.imdb.com/title/tt0258463/,Movie,7.8,119,2002,"Action, Mystery, Thriller",580325,6/14/2002,Doug Liman,8,3/7/2017
10,3/7/2017,The Bourne Legacy,https://www.imdb.com/title/tt1194173/,Movie,6.6,135,2012,"Action, Adventure, Thriller",317112,8/10/2012,Tony Gilroy,8,3/7/2017
11,3/7/2017,The Bourne Supremacy,https://www.imdb.com/title/tt0372183/,Movie,7.7,108,2004,"Action, Mystery, Thriller",489695,7/23/2004,Paul Greengrass,8,3/7/2017
12,3/7/2017,The Bourne Ultimatum,https://www.imdb.com/title/tt0440963/,Movie,8,115,2007,"Action, Mystery, Thriller",661213,8/3/2007,Paul Greengrass,8,3/7/2017
13,3/7/2017,Harry Potter and the Prisoner of Azkaban,https://www.imdb.com/title/tt0304141/,Movie,7.9,142,2004,"Adventure, Family, Fantasy, Mystery",698264,6/4/2004,Alfonso Cuarón,8,3/7/2017
14,3/7/2017,Harry Potter and the Goblet of Fire,https://www.imdb.com/title/tt0330373/,Movie,7.7,157,2005,"Adventure, Family, Fantasy, Mystery",687501,11/18/2005,Mike Newell,8,3/7/2017
15,3/7/2017,Avatar,https://www.imdb.com/title/tt0499549/,Movie,7.9,162,2009,"Action, Adventure, Fantasy, Sci-Fi",1394996,12/18/2009,James Cameron,6,1/23/2023
16,3/7/2017,Transporter 2,https://www.imdb.com/title/tt0388482/,Movie,6.3,87,2005,"Action, Crime, Thriller",216696,9/2/2005,Louis Leterrier,8,3/7/2017
17,3/7/2017,Wanted,https://www.imdb.com/title/tt0493464/,Movie,6.7,110,2008,"Action, Crime, Thriller",410888,6/27/2008,Timur Bekmambetov,7,3/7/2017
18,3/7/2017,Aladdin,https://www.imdb.com/title/tt0103639/,Movie,8,90,1992,"Animation, Adventure, Comedy, Family, Fantasy, Musical, Romance",472079,11/25/1992,"Ron Clements, John Musker",8,3/7/2017
19,3/7/2017,Spirit: Stallion of the Cimarron,https://www.imdb.com/title/tt0166813/,Movie,7.2,83,2002,"Animation, Adventure, Drama, Family, Western",86375,5/24/2002,"Kelly Asbury, Lorna Cook",8,3/7/2017
20,3/7/2017,Ice Age,https://www.imdb.com/title/tt0268380/,Movie,7.5,81,2002,"Animation, Adventure, Comedy, Family",523917,3/15/2002,"Chris Wedge, Carlos Saldanha",8,3/7/2017
21,3/7/2017,Theeb,https://www.imdb.com/title/tt3170902/,Movie,7.2,100,2014,"Adventure, Drama, Thriller",11570,3/19/2015,Naji Abu Nowar,7,3/7/2017
22,3/7/2017,The Revenant,https://www.imdb.com/title/tt1663202/,Movie,8,156,2015,"Action, Adventure, Drama, Western",882145,1/8/2016,Alejandro G. Iñárritu,8,3/7/2017
23,3/7/2017,Shutter Island,https://www.imdb.com/title/tt1130884/,Movie,8.2,138,2010,"Drama, Mystery, Thriller",1473904,2/19/2010,Martin Scorsese,8,5/20/2017
24,3/7/2017,The Pursuit of Happyness,https://www.imdb.com/title/tt0454921/,Movie,8,117,2006,"Biography, Drama",566800,12/15/2006,Gabriele Muccino,7,3/7/2017
25,3/7/2017,Hancock,https://www.imdb.com/title/tt0448157/,Movie,6.4,92,2008,"Action, Comedy, Drama, Fantasy",515409,7/2/2008,Peter Berg,6,3/7/2017
26,3/7/2017,Home Alone 2: Lost in New York,https://www.imdb.com/title/tt0104431/,Movie,6.9,120,1992,"Adventure, Comedy, Crime, Family",405790,11/20/1992,Chris Columbus,9,3/7/2017
27,3/7/2017,Home Alone 3,https://www.imdb.com/title/tt0119303/,Movie,4.6,102,1997,"Action, Comedy, Crime, Family",127897,12/12/1997,Raja Gosnell,9,3/7/2017
28,3/7/2017,Godzilla,https://www.imdb.com/title/tt0120685/,Movie,5.4,139,1998,"Action, Sci-Fi, Thriller",205150,5/20/1998,Roland Emmerich,8,3/7/2017
29,3/7/2017,Jurassic Park,https://www.imdb.com/title/tt0107290/,Movie,8.2,127,1993,"Action, Adventure, Sci-Fi, Thriller",1077407,6/11/1993,Steven Spielberg,8,3/7/2017
30,3/7/2017,The Lost World: Jurassic Park,https://www.imdb.com/title/tt0119567/,Movie,6.6,129,1997,"Action, Adventure, Sci-Fi",447268,5/23/1997,Steven Spielberg,9,3/7/2017
31,3/7/2017,Jurassic Park III,https://www.imdb.com/title/tt0163025/,Movie,5.9,92,2001,"Action, Adventure, Sci-Fi, Thriller",343333,7/18/2001,Joe Johnston,8,3/7/2017
32,3/7/2017,Top Gear,https://www.imdb.com/title/tt1628033/,TV Series,8.7,60,2002,"Adventure, Sport, Talk-Show",128025,10/20/2002,,10,1/27/2017
33,3/7/2017,WWE Raw,https://www.imdb.com/title/tt0185103/,TV Series,7.7,60,1993,"Action, Sport",9891,1/11/1993,,10,3/7/2017
34,3/8/2017,Faster,https://www.imdb.com/title/tt1433108/,Movie,6.4,98,2010,"Action, Crime, Drama, Thriller",112459,11/24/2010,George Tillman Jr.,8,3/8/2017
35,3/8/2017,Training Day,https://www.imdb.com/title/tt0139654/,Movie,7.7,122,2001,"Crime, Drama, Thriller",477252,10/5/2001,Antoine Fuqua,9,3/8/2017
36,3/8/2017,Redline,https://www.imdb.com/title/tt0780595/,Movie,4,95,2007,Action,9094,4/13/2007,Andy Cheng,7,3/8/2017
37,3/8/2017,San Andreas,https://www.imdb.com/title/tt2126355/,Movie,6.1,114,2015,"Action, Adventure, Thriller",258894,5/29/2015,Brad Peyton,6,3/8/2017
38,3/8/2017,District B13,https://www.imdb.com/title/tt0414852/,Movie,7.1,84,2004,"Action, Crime, Sci-Fi, Thriller",74227,6/2/2006,Pierre Morel,7,3/8/2017
39,3/8/2017,Life in a Metro,https://www.imdb.com/title/tt0800956/,Movie,7.4,132,2007,"Comedy, Drama, Musical, Romance",13022,5/11/2007,Anurag Basu,8,3/8/2017
40,3/8/2017,Barfi!,https://www.imdb.com/title/tt2082197/,Movie,8.1,151,2012,"Comedy, Drama, Romance",87408,9/14/2012,Anurag Basu,9,3/8/2017
41,3/8/2017,Television,https://www.imdb.com/title/tt2564706/,Movie,8.2,106,2012,"Comedy, Drama, Family, Romance",5942,1/25/2013,Mostofa Sarwar Farooki,9,3/8/2017
42,3/8/2017,Mad_e in Bangladesh,https://www.imdb.com/title/tt3982254/,Movie,8.1,106,2007,"Comedy, Drama",2573,1/1/2007,Mostofa Sarwar Farooki,8,3/8/2017
43,3/8/2017,Need for Speed,https://www.imdb.com/title/tt2369135/,Movie,6.4,132,2014,"Action, Crime, Thriller",179263,3/14/2014,Scott Waugh,5,3/8/2017
44,3/8/2017,Transporter 3,https://www.imdb.com/title/tt1129442/,Movie,6.1,104,2008,"Action, Adventure, Thriller",177849,11/26/2008,Olivier Megaton,7,3/8/2017
45,3/8/2017,13,https://www.imdb.com/title/tt0798817/,Movie,6,91,2010,"Crime, Drama, Thriller",44153,2010-03,Géla Babluani,7,3/8/2017
46,3/8/2017,Mechanic: Resurrection,https://www.imdb.com/title/tt3522806/,Movie,5.7,98,2016,"Action, Adventure, Crime, Thriller",94413,8/26/2016,Dennis Gansel,6,3/8/2017
47,3/8/2017,Pirates of the Caribbean: The Curse of the Black Pearl,https://www.imdb.com/title/tt0325980/,Movie,8.1,143,2003,"Action, Adventure, Fantasy",1221085,7/9/2003,Gore Verbinski,7,3/8/2017
48,3/8/2017,The Mummy,https://www.imdb.com/title/tt0120616/,Movie,7.1,124,1999,"Action, Adventure, Fantasy",465464,5/7/1999,Stephen Sommers,6,3/8/2017
49,3/8/2017,Resident Evil: Afterlife,https://www.imdb.com/title/tt1220634/,Movie,5.8,96,2010,"Action, Horror, Sci-Fi",180046,9/10/2010,Paul W.S. Anderson,6,3/8/2017
50,3/8/2017,Resident Evil: Extinction,https://www.imdb.com/title/tt0432021/,Movie,6.2,94,2007,"Action, Horror, Sci-Fi",206549,9/21/2007,Russell Mulcahy,8,3/8/2017
51,3/10/2017,Grave of the Fireflies,https://www.imdb.com/title/tt0095327/,Movie,8.5,89,1988,"Animation, Drama, War",314786,7/26/1989,Isao Takahata,9,3/10/2017
52,3/11/2017,To the Forest of Firefly Lights,https://www.imdb.com/title/tt2061702/,Movie,7.8,45,2011,"Animation, Drama, Fantasy",22085,9/17/2011,Takahiro Ômori,8,10/29/2020
53,3/12/2017,Olympus Has Fallen,https://www.imdb.com/title/tt2302755/,Movie,6.5,119,2013,"Action, Thriller",294046,3/22/2013,Antoine Fuqua,7,3/12/2017
54,3/12/2017,Man on Fire,https://www.imdb.com/title/tt0328107/,Movie,7.7,146,2004,"Action, Crime, Drama, Thriller",393356,4/23/2004,Tony Scott,7,3/12/2017
55,3/12/2017,The Dictator,https://www.imdb.com/title/tt1645170/,Movie,6.5,83,2012,Comedy,338231,5/16/2012,Larry Charles,7,3/12/2017
56,3/12/2017,Crank,https://www.imdb.com/title/tt0479884/,Movie,6.9,88,2006,"Action, Crime, Thriller",265503,9/1/2006,"Mark Neveldine, Brian Taylor",6,3/12/2017
57,3/12/2017,Parker,https://www.imdb.com/title/tt1904996/,Movie,6.2,118,2013,"Action, Crime, Thriller",130242,1/25/2013,Taylor Hackford,4,3/12/2017
58,3/12/2017,Wild Card,https://www.imdb.com/title/tt2231253/,Movie,5.6,92,2015,"Action, Crime, Drama, Thriller",60602,1/14/2015,Simon West,7,4/6/2017
59,3/12/2017,Redemption,https://www.imdb.com/title/tt1893256/,Movie,6.2,100,2013,"Action, Crime, Drama, Thriller",77674,6/28/2013,Steven Knight,6,3/12/2017
60,3/12/2017,The Mechanic,https://www.imdb.com/title/tt0472399/,Movie,6.5,93,2011,"Action, Crime, Thriller",173098,1/28/2011,Simon West,6,3/12/2017
61,3/12/2017,Safe,https://www.imdb.com/title/tt1656190/,Movie,6.5,94,2012,"Action, Crime, Thriller",118523,4/27/2012,Boaz Yakin,8,3/12/2017
62,3/12/2017,Crank: High Voltage,https://www.imdb.com/title/tt1121931/,Movie,6.1,96,2009,"Action, Crime, Thriller",160031,4/17/2009,"Mark Neveldine, Brian Taylor",6,3/12/2017
63,3/12/2017,The Bank Job,https://www.imdb.com/title/tt0200465/,Movie,7.2,111,2008,"Crime, Drama, Thriller",189965,3/7/2008,Roger Donaldson,8,3/12/2017
64,3/12/2017,Death Race,https://www.imdb.com/title/tt0452608/,Movie,6.4,105,2008,"Action, Sci-Fi, Thriller",220087,8/22/2008,Paul W.S. Anderson,7,3/12/2017
65,3/12/2017,The Expendables,https://www.imdb.com/title/tt1320253/,Movie,6.4,103,2010,"Action, Adventure, Thriller",366524,8/13/2010,Sylvester Stallone,6,3/12/2017
66,3/12/2017,Cellular,https://www.imdb.com/title/tt0337921/,Movie,6.5,94,2004,"Action, Crime, Thriller",105842,9/10/2004,David R. Ellis,4,3/12/2017
67,3/12/2017,The Italian Job,https://www.imdb.com/title/tt0317740/,Movie,7,111,2003,"Action, Crime, Thriller",390868,5/30/2003,F. Gary Gray,8,3/12/2017
68,3/12/2017,Mission: Impossible,https://www.imdb.com/title/tt0117060/,Movie,7.2,110,1996,"Action, Adventure, Thriller",473617,5/22/1996,Brian De Palma,5,3/12/2017
69,3/12/2017,Mission: Impossible - Rogue Nation,https://www.imdb.com/title/tt2381249/,Movie,7.4,131,2015,"Action, Adventure, Thriller",413739,7/31/2015,Christopher McQuarrie,8,3/12/2017
70,3/12/2017,Mission: Impossible - Ghost Protocol,https://www.imdb.com/title/tt1229238/,Movie,7.4,132,2011,"Action, Adventure, Thriller",531164,12/21/2011,Brad Bird,8,3/12/2017
71,3/12/2017,Mission: Impossible II,https://www.imdb.com/title/tt0120755/,Movie,6.1,123,2000,"Action, Adventure, Thriller",380184,5/24/2000,John Woo,7,3/12/2017
72,3/12/2017,Mission: Impossible III,https://www.imdb.com/title/tt0317919/,Movie,6.9,126,2006,"Action, Adventure, Thriller",393093,5/5/2006,J.J. Abrams,7,3/12/2017
73,3/12/2017,Knight and Day,https://www.imdb.com/title/tt1013743/,Movie,6.3,109,2010,"Action, Adventure, Comedy",211450,6/23/2010,James Mangold,6,3/12/2017
74,3/12/2017,The Box,https://www.imdb.com/title/tt0362478/,Movie,5.6,115,2009,"Drama, Mystery, Thriller",95669,11/6/2009,Richard Kelly,5,3/12/2017
75,3/12/2017,As Cool as I Am,https://www.imdb.com/title/tt1906329/,Movie,5.8,92,2013,"Comedy, Drama",5527,6/21/2013,Max Mayer,7,3/12/2017
76,3/12/2017,Casino Royale,https://www.imdb.com/title/tt0381061/,Movie,8,144,2006,"Action, Adventure, Thriller",698652,11/17/2006,Martin Campbell,7,3/12/2017
77,3/12/2017,Quantum of Solace,https://www.imdb.com/title/tt0830515/,Movie,6.5,106,2008,"Action, Adventure, Mystery, Thriller",473209,11/14/2008,Marc Forster,6,3/12/2017
78,3/12/2017,Spectre,https://www.imdb.com/title/tt2379713/,Movie,6.8,148,2015,"Action, Adventure, Thriller",469084,11/6/2015,Sam Mendes,6,3/12/2017
79,3/12/2017,Die Another Day,https://www.imdb.com/title/tt0246460/,Movie,6.1,133,2002,"Action, Adventure, Thriller",230087,11/22/2002,Lee Tamahori,7,3/12/2017
80,3/12/2017,The Shawshank Redemption,https://www.imdb.com/title/tt0111161/,Movie,9.3,142,1994,Drama,2916263,10/14/1994,Frank Darabont,10,1/27/2017
81,3/12/2017,London Has Fallen,https://www.imdb.com/title/tt3300542/,Movie,5.9,99,2016,"Action, Thriller",170798,3/4/2016,Babak Najafi,4,3/12/2017
82,3/12/2017,Gangster,https://www.imdb.com/title/tt0495032/,Movie,7.2,123,2006,"Action, Crime, Drama, Romance, Thriller",6730,4/28/2006,Anurag Basu,9,3/12/2017
83,3/12/2017,Lagaan: Once Upon a Time in India,https://www.imdb.com/title/tt0169102/,Movie,8.1,224,2001,"Drama, Musical, Sport",121467,6/15/2001,Ashutosh Gowariker,9,3/12/2017
84,3/12/2017,The Villain,https://www.imdb.com/title/tt3175038/,Movie,6.6,129,2014,"Action, Crime, Drama, Romance, Thriller",22819,6/27/2014,Mohit Suri,7,3/12/2017
85,3/12/2017,Humpty Sharma Ki Dulhania,https://www.imdb.com/title/tt3678938/,Movie,6,133,2014,"Comedy, Drama, Romance",14169,7/11/2014,Shashank Khaitan,4,3/12/2017
86,3/12/2017,Bajrangi Bhaijaan,https://www.imdb.com/title/tt3863552/,Movie,8.1,163,2015,"Action, Adventure, Comedy, Drama",98853,7/17/2015,Kabir Khan,6,5/20/2017
87,3/12/2017,Wanted,https://www.imdb.com/title/tt1084972/,Movie,6.6,147,2009,"Action, Crime, Thriller",26219,9/25/2009,Prabhu Deva,7,3/12/2017
88,3/12/2017,Om Shanti Om,https://www.imdb.com/title/tt1024943/,Movie,6.8,162,2007,"Action, Comedy, Drama, Fantasy, Musical, Romance, Thriller",50288,11/9/2007,Farah Khan,7,3/12/2017
89,3/12/2017,Kaho Naa... Pyaar Hai,https://www.imdb.com/title/tt0234000/,Movie,6.9,172,2000,"Action, Musical, Romance, Thriller",16607,1/14/2000,Rakesh Roshan,7,3/12/2017
90,3/12/2017,Hello Brother,https://www.imdb.com/title/tt0233856/,Movie,4.7,139,1999,"Action, Comedy, Fantasy, Romance",4716,9/10/1999,Sohail Khan,7,3/12/2017
91,3/30/2017,Ocean Waves,https://www.imdb.com/title/tt0108432/,TV Movie,6.6,76,1993,"Animation, Drama, Romance",20760,7/13/1994,Tomomi Mochizuki,9,3/30/2017
92,3/31/2017,The Garden of Words,https://www.imdb.com/title/tt2591814/,Movie,7.4,46,2013,"Animation, Drama, Romance",53437,5/31/2013,Makoto Shinkai,9,3/31/2017
93,4/5/2017,The Conjuring 2,https://www.imdb.com/title/tt3065204/,Movie,7.3,134,2016,"Horror, Mystery, Thriller",304186,6/10/2016,James Wan,8,4/5/2017
94,4/6/2017,The Karate Kid,https://www.imdb.com/title/tt1155076/,Movie,6.2,140,2010,"Action, Drama, Family, Sport",207930,6/11/2010,Harald Zwart,7,4/11/2017
95,4/9/2017,A Separation,https://www.imdb.com/title/tt1832382/,Movie,8.3,123,2011,Drama,260271,3/16/2011,Asghar Farhadi,9,4/9/2017
96,4/10/2017,Nikita,https://www.imdb.com/title/tt1592154/,TV Series,7.7,60,2010,"Action, Crime, Drama, Mystery, Thriller",54135,9/9/2010,,8,4/10/2017
97,4/18/2017,Universal Soldier: Regeneration,https://www.imdb.com/title/tt1288403/,Movie,5.3,97,2009,"Action, Adventure, Sci-Fi",26618,1/7/2010,John Hyams,6,4/18/2017
98,4/22/2017,xXx: Return of Xander Cage,https://www.imdb.com/title/tt1293847/,Movie,5.2,107,2017,"Action, Adventure, Thriller",97785,1/20/2017,D.J. Caruso,5,4/22/2017
99,5/24/2017,From Up on Poppy Hill,https://www.imdb.com/title/tt1798188/,Movie,7.4,91,2011,"Animation, Comedy, Drama, Family, History, Romance",52900,7/16/2011,Gorô Miyazaki,8,5/24/2017
100,5/26/2017,The Fate of the Furious,https://www.imdb.com/title/tt4630562/,Movie,6.6,136,2017,"Action, Crime, Thriller",256115,4/14/2017,F. Gary Gray,7,5/26/2017
101,6/6/2017,Blood Diamond,https://www.imdb.com/title/tt0450259/,Movie,8,143,2006,"Adventure, Drama, Thriller",590260,12/8/2006,Edward Zwick,8,7/16/2024
102,6/7/2017,Inside Man,https://www.imdb.com/title/tt0454848/,Movie,7.6,129,2006,"Crime, Drama, Mystery, Thriller",401585,3/24/2006,Spike Lee,8,6/7/2017
103,6/7/2017,The Equalizer,https://www.imdb.com/title/tt0455944/,Movie,7.2,132,2014,"Action, Crime, Thriller",426127,9/26/2014,Antoine Fuqua,7,6/7/2017
104,6/7/2017,John Q,https://www.imdb.com/title/tt0251160/,Movie,7.1,116,2002,"Crime, Drama, Thriller",144588,2/15/2002,Nick Cassavetes,9,6/7/2017
105,6/27/2017,The Notebook,https://www.imdb.com/title/tt0332280/,Movie,7.8,123,2004,"Drama, Romance",626991,6/25/2004,Nick Cassavetes,8,6/27/2017
106,6/27/2017,Assassin's Creed,https://www.imdb.com/title/tt2094766/,Movie,5.6,115,2016,"Action, Adventure, Sci-Fi",209873,12/21/2016,Justin Kurzel,6,6/27/2017
107,7/3/2017,Prisoners,https://www.imdb.com/title/tt1392214/,Movie,8.2,153,2013,"Crime, Drama, Mystery, Thriller",819956,9/20/2013,Denis Villeneuve,8,7/3/2017
108,7/12/2017,Flight,https://www.imdb.com/title/tt1907668/,Movie,7.3,138,2012,"Drama, Thriller",378106,11/2/2012,Robert Zemeckis,7,7/12/2017
109,7/20/2017,Blitz,https://www.imdb.com/title/tt1297919/,Movie,6.1,97,2011,"Action, Adventure, Crime, Mystery, Thriller",91850,5/20/2011,Elliott Lester,6,8/26/2017
110,7/21/2017,John Wick,https://www.imdb.com/title/tt2911666/,Movie,7.4,101,2014,"Action, Crime, Thriller",746407,10/24/2014,Chad Stahelski,7,7/21/2017
111,7/26/2017,Captain Phillips,https://www.imdb.com/title/tt1535109/,Movie,7.8,134,2013,"Action, Biography, Crime, Drama, Thriller",495659,10/11/2013,Paul Greengrass,8,7/26/2017
112,8/3/2017,Sicario,https://www.imdb.com/title/tt3397884/,Movie,7.7,121,2015,"Action, Crime, Drama, Mystery, Thriller",482599,10/2/2015,Denis Villeneuve,8,8/3/2017
113,8/20/2017,Khatta Meetha,https://www.imdb.com/title/tt1455811/,Movie,6,157,2010,"Comedy, Crime, Drama",12639,7/23/2010,Priyadarshan,7,8/20/2017
114,8/23/2017,Hell or High Water,https://www.imdb.com/title/tt2582782/,Movie,7.6,102,2016,"Crime, Drama, Thriller, Western",254714,8/26/2016,David Mackenzie,7,8/23/2017
115,8/26/2017,A Walk Among the Tombstones,https://www.imdb.com/title/tt0365907/,Movie,6.5,114,2014,"Action, Crime, Drama, Mystery, Thriller",127842,9/19/2014,Scott Frank,6,8/26/2017
116,8/28/2017,The Hateful Eight,https://www.imdb.com/title/tt3460252/,Movie,7.8,168,2015,"Crime, Drama, Mystery, Thriller, Western",665869,12/30/2015,Quentin Tarantino,8,2/3/2018
117,9/4/2017,Se7en,https://www.imdb.com/title/tt0114369/,Movie,8.6,127,1995,"Crime, Drama, Mystery, Thriller",1816823,9/22/1995,David Fincher,7,9/4/2017
118,9/4/2017,Chaos,https://www.imdb.com/title/tt0402910/,Movie,6.4,106,2005,"Action, Crime, Drama, Thriller",58157,12/15/2005,Tony Giglio,7,9/4/2017
119,10/2/2017,The Hitman's Bodyguard,https://www.imdb.com/title/tt1959563/,Movie,6.9,118,2017,"Action, Comedy, Crime, Thriller",248884,8/18/2017,Patrick Hughes,8,10/2/2017
120,10/3/2017,Revolutionary Road,https://www.imdb.com/title/tt0959337/,Movie,7.3,119,2008,"Drama, Romance",226134,1/23/2009,Sam Mendes,8,10/3/2017
121,10/5/2017,Baby Driver,https://www.imdb.com/title/tt3890160/,Movie,7.5,113,2017,"Action, Crime, Drama, Music",619722,6/28/2017,Edgar Wright,6,10/5/2017
122,10/11/2017,Collateral,https://www.imdb.com/title/tt0369339/,Movie,7.5,120,2004,"Action, Crime, Drama, Thriller",436112,8/6/2004,Michael Mann,7,10/11/2017
123,10/14/2017,The Imitation Game,https://www.imdb.com/title/tt2084970/,Movie,8,114,2014,"Biography, Drama, Thriller, War",830869,12/25/2014,Morten Tyldum,9,10/14/2017
124,10/24/2017,Lion,https://www.imdb.com/title/tt3741834/,Movie,8,118,2016,"Biography, Drama",252864,1/6/2017,Garth Davis,8,10/24/2017
125,10/28/2017,Slumdog Millionaire,https://www.imdb.com/title/tt1010048/,Movie,8,120,2008,"Crime, Drama, Romance",881388,12/25/2008,"Danny Boyle, Loveleen Tandan",7,10/28/2017
126,12/10/2017,Dunkirk,https://www.imdb.com/title/tt5013056/,Movie,7.8,106,2017,"Action, Drama, History, Thriller, War",747219,7/21/2017,Christopher Nolan,7,12/10/2017
127,12/18/2017,La La Land,https://www.imdb.com/title/tt3783958/,Movie,8,128,2016,"Comedy, Drama, Music, Musical, Romance",681346,12/25/2016,Damien Chazelle,8,12/18/2017
128,12/18/2017,Snatch,https://www.imdb.com/title/tt0208092/,Movie,8.2,102,2000,"Comedy, Crime",917044,1/19/2001,Guy Ritchie,8,12/18/2017
129,1/30/2018,The Godfather,https://www.imdb.com/title/tt0068646/,Movie,9.2,175,1972,"Crime, Drama",2032254,3/24/1972,Francis Ford Coppola,8,1/30/2018
130,2/1/2018,The Foreigner,https://www.imdb.com/title/tt1615160/,Movie,7,113,2017,"Action, Thriller",124362,10/13/2017,Martin Campbell,7,2/1/2018
131,2/3/2018,The Godfather Part II,https://www.imdb.com/title/tt0071562/,Movie,9,202,1974,"Crime, Drama",1375665,12/18/1974,Francis Ford Coppola,9,2/3/2018
132,2/3/2018,The Godfather Part III,https://www.imdb.com/title/tt0099674/,Movie,7.6,162,1990,"Crime, Drama",426868,12/25/1990,Francis Ford Coppola,9,2/3/2018
133,2/24/2018,Malena,https://www.imdb.com/title/tt0213847/,Movie,7.4,108,2000,"Drama, Romance, War",112957,2/2/2001,Giuseppe Tornatore,7,2/24/2018
134,3/3/2018,It,https://www.imdb.com/title/tt1396484/,Movie,7.3,135,2017,"Fantasy, Horror",613337,9/8/2017,Andy Muschietti,4,3/3/2018
135,3/4/2018,Jeepers Creepers,https://www.imdb.com/title/tt0263488/,Movie,6.2,90,2001,"Horror, Mystery",144050,8/31/2001,Victor Salva,6,3/4/2018
136,3/8/2018,Hera Pheri,https://www.imdb.com/title/tt0242519/,Movie,8.2,156,2000,"Action, Comedy, Crime, Drama",73053,3/31/2000,Priyadarshan,8,5/29/2021
137,3/19/2018,Dil Chahta Hai,https://www.imdb.com/title/tt0292490/,Movie,8.1,183,2001,"Comedy, Drama, Romance",76182,8/10/2001,Farhan Akhtar,8,3/19/2018
138,3/19/2018,Hum Tum,https://www.imdb.com/title/tt0378072/,Movie,7,143,2004,"Comedy, Drama, Romance",15200,5/28/2004,Kunal Kohli,,
139,5/2/2018,Narcos,https://www.imdb.com/title/tt2707408/,TV Series,8.8,50,2015,"Biography, Crime, Drama, Thriller",475627,8/28/2015,,9,5/2/2018
140,9/26/2018,Jurassic World: Fallen Kingdom,https://www.imdb.com/title/tt4881806/,Movie,6.1,128,2018,"Action, Adventure, Sci-Fi",347613,6/22/2018,J.A. Bayona,6,9/26/2018
141,10/3/2018,Forrest Gump,https://www.imdb.com/title/tt0109830/,Movie,8.8,142,1994,"Drama, Romance",2280390,7/6/1994,Robert Zemeckis,9,10/3/2018
142,12/1/2018,The Equalizer 2,https://www.imdb.com/title/tt3766354/,Movie,6.7,121,2018,"Action, Crime, Thriller",201755,7/20/2018,Antoine Fuqua,8,12/1/2018
143,12/1/2018,Daruchini Dwip,https://www.imdb.com/title/tt2048726/,Movie,7.9,128,2007,"Comedy, Drama, Romance",3606,8/31/2007,Tauquir Ahmed,8,12/1/2018
144,12/1/2018,Heat,https://www.imdb.com/title/tt0113277/,Movie,8.3,170,1995,"Action, Crime, Drama",725750,12/15/1995,Michael Mann,8,12/1/2018
145,12/2/2018,The Meg,https://www.imdb.com/title/tt4779682/,Movie,5.7,113,2018,"Action, Horror, Sci-Fi, Thriller",209818,8/10/2018,Jon Turteltaub,5,12/2/2018
146,12/2/2018,Homefront,https://www.imdb.com/title/tt2312718/,Movie,6.5,100,2013,"Action, Crime, Thriller",131503,11/27/2013,Gary Fleder,7,12/2/2018
147,12/2/2018,Fast & Furious 6,https://www.imdb.com/title/tt1905041/,Movie,7,130,2013,"Action, Crime, Thriller",419326,5/24/2013,Justin Lin,8,12/2/2018
148,12/2/2018,The Expendables 2,https://www.imdb.com/title/tt1764651/,Movie,6.6,103,2012,"Action, Adventure, Thriller",323709,8/17/2012,Simon West,7,12/2/2018
149,12/2/2018,War,https://www.imdb.com/title/tt0499556/,Movie,6.2,103,2007,"Action, Crime, Thriller",97416,8/24/2007,Philip G. Atwell,7,12/2/2018
150,12/2/2018,Revolver,https://www.imdb.com/title/tt0365686/,Movie,6.3,111,2005,"Action, Crime, Drama, Mystery, Thriller",103624,9/22/2005,Guy Ritchie,7,12/2/2018
151,12/2/2018,Transformers,https://www.imdb.com/title/tt0418279/,Movie,7,144,2007,"Action, Adventure, Sci-Fi",679327,7/3/2007,Michael Bay,7,12/2/2018
152,12/2/2018,Taken,https://www.imdb.com/title/tt0936501/,Movie,7.7,90,2008,"Action, Crime, Thriller",639009,1/30/2009,Pierre Morel,7,12/2/2018
153,12/2/2018,Taken 3,https://www.imdb.com/title/tt2446042/,Movie,6,108,2014,"Action, Crime, Thriller",205415,1/9/2015,Olivier Megaton,6,12/2/2018
154,12/2/2018,Taken 2,https://www.imdb.com/title/tt1397280/,Movie,6.2,92,2012,"Action, Crime, Thriller",324490,10/5/2012,Olivier Megaton,6,12/2/2018
155,12/2/2018,Easy A,https://www.imdb.com/title/tt1282140/,Movie,7,92,2010,"Comedy, Drama, Romance",421115,9/17/2010,Will Gluck,7,12/2/2018
156,12/7/2018,Mission: Impossible - Fallout,https://www.imdb.com/title/tt4912910/,Movie,7.7,147,2018,"Action, Adventure, Thriller",381284,7/27/2018,Christopher McQuarrie,8,12/7/2018
157,12/8/2018,Spirited Away,https://www.imdb.com/title/tt0245429/,Movie,8.6,125,2001,"Animation, Adventure, Family, Fantasy, Mystery",860492,3/28/2003,Hayao Miyazaki,8,12/8/2018
158,12/8/2018,Terminator 2: Judgment Day,https://www.imdb.com/title/tt0103064/,Movie,8.6,137,1991,"Action, Adventure, Sci-Fi",1184013,7/3/1991,James Cameron,8,12/8/2018
159,12/8/2018,The Terminator,https://www.imdb.com/title/tt0088247/,Movie,8.1,107,1984,"Action, Adventure, Sci-Fi",931960,10/26/1984,James Cameron,8,12/8/2018
160,12/8/2018,Terminator 3: Rise of the Machines,https://www.imdb.com/title/tt0181852/,Movie,6.3,109,2003,"Action, Sci-Fi",420477,7/2/2003,Jonathan Mostow,8,12/8/2018
161,12/8/2018,Terminator Salvation,https://www.imdb.com/title/tt0438488/,Movie,6.5,115,2009,"Action, Adventure, Sci-Fi",379180,5/21/2009,McG,7,12/8/2018
162,12/8/2018,Terminator Genisys,https://www.imdb.com/title/tt1340138/,Movie,6.3,126,2015,"Action, Adventure, Sci-Fi, Thriller",294018,7/1/2015,Alan Taylor,6,12/8/2018
163,12/10/2018,City of God,https://www.imdb.com/title/tt0317248/,Movie,8.6,130,2002,"Crime, Drama",806976,2/13/2004,"Fernando Meirelles, Kátia Lund",8,12/10/2018
164,12/10/2018,Deja Vu,https://www.imdb.com/title/tt0453467/,Movie,7.1,126,2006,"Action, Crime, Sci-Fi, Thriller",329541,11/22/2006,Tony Scott,6,6/7/2017
165,12/14/2018,Ghajini,https://www.imdb.com/title/tt1166100/,Movie,7.3,186,2008,"Action, Drama, Mystery, Romance, Thriller",67265,12/24/2008,A.R. Murugadoss,8,12/14/2018
166,12/14/2018,3 Idiots,https://www.imdb.com/title/tt1187043/,Movie,8.4,170,2009,"Comedy, Drama",439014,12/25/2009,Rajkumar Hirani,9,12/14/2018
167,12/14/2018,Welcome,https://www.imdb.com/title/tt0488798/,Movie,7.1,150,2007,"Comedy, Crime, Drama, Romance",25666,12/21/2007,"Anees Bazmee, Mayur K. Barot",7,12/14/2018
168,12/15/2018,Sicario: Day of the Soldado,https://www.imdb.com/title/tt5052474/,Movie,7.1,122,2018,"Action, Crime, Drama, Mystery, Thriller",169305,6/29/2018,Stefano Sollima,8,12/15/2018
169,12/31/2018,Antwone Fisher,https://www.imdb.com/title/tt0168786/,Movie,7.3,120,2002,"Biography, Drama",38657,1/10/2003,Denzel Washington,7,12/31/2018
170,1/10/2019,Your Name.,https://www.imdb.com/title/tt5311514/,Movie,8.4,106,2016,"Animation, Drama, Fantasy, Romance",326995,4/7/2017,Makoto Shinkai,8,1/10/2019
171,1/10/2019,When Marnie Was There,https://www.imdb.com/title/tt3398268/,Movie,7.6,103,2014,"Animation, Drama, Family, Mystery",48853,8/7/2015,Hiromasa Yonebayashi,8,1/10/2019
172,1/14/2019,Colombiana,https://www.imdb.com/title/tt1657507/,Movie,6.4,108,2011,"Action, Crime, Drama, Thriller",108540,8/26/2011,Olivier Megaton,7,1/14/2019
173,1/14/2019,The Grand Tour,https://www.imdb.com/title/tt5712554/,TV Series,8.7,60,2016,"Comedy, Sport, Talk-Show",84410,11/18/2016,,10,1/27/2017
174,2/9/2019,What Will People Say,https://www.imdb.com/title/tt7213936/,Movie,7.4,106,2017,Drama,5994,7/13/2018,Iram Haq,9,2/9/2019
175,2/10/2019,Mad Max: Fury Road,https://www.imdb.com/title/tt1392190/,Movie,8.1,120,2015,"Action, Adventure, Sci-Fi, Thriller",1117479,5/15/2015,George Miller,6,2/10/2019
176,3/17/2019,Engineering Connections,https://www.imdb.com/title/tt1289217/,TV Series,8,,2008,Documentary,464,9/8/2008,,9,3/17/2019
177,4/19/2019,Mohabbatein,https://www.imdb.com/title/tt0213890/,Movie,7,216,2000,"Drama, Musical, Romance",33737,10/27/2000,Aditya Chopra,6,4/19/2019
178,4/19/2019,Dhoom,https://www.imdb.com/title/tt0422091/,Movie,6.6,129,2004,"Action, Crime, Drama, Thriller",22616,8/27/2004,Sanjay Gadhvi,7,4/19/2019
179,4/19/2019,Dhadkan,https://www.imdb.com/title/tt0255111/,Movie,6.5,161,2000,"Drama, Romance",8121,8/11/2000,Dharmesh Darshan,8,4/19/2019
180,4/20/2019,Harry Potter and the Order of the Phoenix,https://www.imdb.com/title/tt0373889/,Movie,7.5,138,2007,"Action, Adventure, Family, Fantasy, Mystery",638855,7/11/2007,David Yates,8,5/3/2019
181,4/20/2019,Fast Five,https://www.imdb.com/title/tt1596343/,Movie,7.3,130,2011,"Action, Crime, Thriller",409787,4/29/2011,Justin Lin,8,4/20/2019
182,4/20/2019,Harry Potter and the Half-Blood Prince,https://www.imdb.com/title/tt0417741/,Movie,7.6,153,2009,"Action, Adventure, Family, Fantasy, Mystery",600976,7/15/2009,David Yates,8,4/20/2019
183,4/20/2019,Jurassic World,https://www.imdb.com/title/tt0369610/,Movie,6.9,124,2015,"Action, Adventure, Sci-Fi",684282,6/12/2015,Colin Trevorrow,6,4/20/2019
184,4/20/2019,Resident Evil: Apocalypse,https://www.imdb.com/title/tt0318627/,Movie,6.1,94,2004,"Action, Horror, Sci-Fi, Thriller",211150,9/10/2004,Alexander Witt,6,4/20/2019
185,4/20/2019,Gone Girl,https://www.imdb.com/title/tt2267998/,Movie,8.1,149,2014,"Drama, Mystery, Thriller",1078063,10/3/2014,David Fincher,7,4/20/2019
186,4/20/2019,Phir Hera Pheri,https://www.imdb.com/title/tt0419058/,Movie,7.3,153,2006,"Comedy, Crime",28089,6/9/2006,Neeraj Vora,7,4/20/2019
187,5/3/2019,Fast & Furious,https://www.imdb.com/title/tt1013752/,Movie,6.5,107,2009,"Action, Crime, Thriller",313665,4/3/2009,Justin Lin,9,5/3/2019
188,5/3/2019,Home Alone,https://www.imdb.com/title/tt0099785/,Movie,7.7,103,1990,"Comedy, Family",657635,11/16/1990,Chris Columbus,8,5/3/2019
189,5/3/2019,Lucy,https://www.imdb.com/title/tt2872732/,Movie,6.4,89,2014,"Action, Sci-Fi, Thriller",538689,7/25/2014,Luc Besson,7,5/3/2019
190,5/3/2019,Mulholland Drive,https://www.imdb.com/title/tt0166924/,Movie,7.9,147,2001,"Drama, Mystery, Thriller",386921,10/19/2001,David Lynch,7,5/3/2019
191,5/3/2019,The Expendables 3,https://www.imdb.com/title/tt2333784/,Movie,6.1,126,2014,"Action, Adventure, Thriller",197413,8/15/2014,Patrick Hughes,7,5/3/2019
192,5/3/2019,The Transporter Refueled,https://www.imdb.com/title/tt2938956/,Movie,5.2,96,2015,"Action, Thriller",45162,9/4/2015,Camille Delamarre,5,5/3/2019
193,5/3/2019,2012,https://www.imdb.com/title/tt1190080/,Movie,5.8,158,2009,"Action, Adventure, Sci-Fi",400392,11/13/2009,Roland Emmerich,6,5/3/2019
194,5/3/2019,First Man,https://www.imdb.com/title/tt1213641/,Movie,7.3,141,2018,"Biography, Drama, History",203660,10/12/2018,Damien Chazelle,7,5/3/2019
195,5/3/2019,Harry Potter and the Sorcerer's Stone,https://www.imdb.com/title/tt0241527/,Movie,7.6,152,2001,"Adventure, Family, Fantasy",863614,11/16/2001,Chris Columbus,7,5/3/2019
196,5/3/2019,Harry Potter and the Deathly Hallows: Part 2,https://www.imdb.com/title/tt1201607/,Movie,8.1,130,2011,"Adventure, Family, Fantasy, Mystery",956590,7/15/2011,David Yates,7,5/3/2019
197,5/3/2019,Harry Potter and the Deathly Hallows: Part 1,https://www.imdb.com/title/tt0926084/,Movie,7.7,146,2010,"Adventure, Family, Fantasy, Mystery",604698,11/19/2010,David Yates,7,5/3/2019
198,5/3/2019,Harry Potter and the Chamber of Secrets,https://www.imdb.com/title/tt0295297/,Movie,7.4,161,2002,"Adventure, Family, Fantasy, Mystery",698470,11/15/2002,Chris Columbus,7,5/3/2019
199,5/4/2019,The Perfect Storm,https://www.imdb.com/title/tt0177971/,Movie,6.5,130,2000,"Action, Adventure, Drama, Thriller",179215,6/30/2000,Wolfgang Petersen,7,5/4/2019
200,5/4/2019,Remember the Titans,https://www.imdb.com/title/tt0210945/,Movie,7.8,113,2000,"Biography, Comedy, Drama, Sport",233781,9/29/2000,Boaz Yakin,6,5/4/2019
201,5/5/2019,Boyhood,https://www.imdb.com/title/tt1065073/,Movie,7.9,165,2014,Drama,368492,8/15/2014,Richard Linklater,8,1/11/2021
202,5/8/2019,Despicable Me,https://www.imdb.com/title/tt1323594/,Movie,7.6,95,2010,"Animation, Adventure, Comedy, Crime, Family, Sci-Fi",590078,7/9/2010,"Pierre Coffin, Chris Renaud",,
203,5/8/2019,Kung Fu Panda,https://www.imdb.com/title/tt0441773/,Movie,7.6,92,2008,"Animation, Action, Adventure, Comedy, Family, Fantasy",528408,6/6/2008,"Mark Osborne, John Stevenson",,
204,5/8/2019,Kung Fu Panda 2,https://www.imdb.com/title/tt1302011/,Movie,7.3,90,2011,"Animation, Action, Adventure, Comedy, Drama, Family, Fantasy",324652,5/26/2011,Jennifer Yuh Nelson,,
205,6/4/2019,Winter's Bone,https://www.imdb.com/title/tt1399683/,Movie,7.1,100,2010,"Crime, Drama, Mystery, Thriller",151225,7/16/2010,Debra Granik,7,6/4/2019
206,6/5/2019,The Devil's Advocate,https://www.imdb.com/title/tt0118971/,Movie,7.5,144,1997,"Drama, Fantasy, Mystery, Thriller",405556,10/17/1997,Taylor Hackford,8,2/26/2021
207,7/6/2019,The Matrix,https://www.imdb.com/title/tt0133093/,Movie,8.7,136,1999,"Action, Sci-Fi",2072227,3/31/1999,"Lana Wachowski, Lilly Wachowski",7,7/6/2019
208,9/9/2019,John Wick: Chapter 3 - Parabellum,https://www.imdb.com/title/tt6146586/,Movie,7.4,130,2019,"Action, Crime, Thriller",431084,5/17/2019,Chad Stahelski,7,9/9/2019
209,9/9/2019,Gladiator,https://www.imdb.com/title/tt0172495/,Movie,8.5,155,2000,"Action, Adventure, Drama",1637809,5/5/2000,Ridley Scott,9,9/9/2019
210,9/10/2019,Vicky Cristina Barcelona,https://www.imdb.com/title/tt0497465/,Movie,7.1,96,2008,"Comedy, Drama, Romance",270135,8/15/2008,Woody Allen,7,9/10/2019
211,9/13/2019,John Wick: Chapter 2,https://www.imdb.com/title/tt4425200/,Movie,7.4,122,2017,"Action, Crime, Thriller",517237,2/10/2017,Chad Stahelski,7,9/13/2019
212,10/3/2019,Fast & Furious Presents: Hobbs & Shaw,https://www.imdb.com/title/tt6806448/,Movie,6.5,137,2019,"Action, Adventure, Thriller",238488,8/2/2019,David Leitch,6,10/3/2019
213,10/21/2019,The Dark Knight,https://www.imdb.com/title/tt0468569/,Movie,9,152,2008,"Action, Crime, Drama, Thriller",2897312,7/18/2008,Christopher Nolan,7,10/21/2019
214,10/26/2019,American History X,https://www.imdb.com/title/tt0120586/,Movie,8.5,119,1998,"Crime, Drama",1194516,11/20/1998,Tony Kaye,8,10/26/2019
215,11/23/2019,Joker,https://www.imdb.com/title/tt7286456/,Movie,8.4,122,2019,"Crime, Drama, Thriller",1511438,10/4/2019,Todd Phillips,7,5/9/2023
216,12/16/2019,Kabul Express,https://www.imdb.com/title/tt0770214/,Movie,6.8,105,2006,"Adventure, Comedy, Drama, Thriller, War",3705,12/15/2006,Kabir Khan,6,12/16/2019
217,1/31/2020,Terminator: Dark Fate,https://www.imdb.com/title/tt6450804/,Movie,6.2,128,2019,"Action, Adventure, Sci-Fi",194890,11/1/2019,Tim Miller,8,1/31/2020
218,3/10/2020,The Fast and the Furious: Tokyo Drift,https://www.imdb.com/title/tt0463985/,Movie,6,104,2006,"Action, Crime, Thriller",302850,6/16/2006,Justin Lin,8,3/10/2020
219,3/28/2020,Parasite,https://www.imdb.com/title/tt6751668/,Movie,8.5,132,2019,"Drama, Thriller",976923,11/8/2019,Bong Joon Ho,8,3/28/2020
220,4/1/2020,Breaking Bad,https://www.imdb.com/title/tt0903747/,TV Series,9.5,45,2008,"Crime, Drama, Thriller",2172126,1/20/2008,,8,4/1/2020
221,4/1/2020,Train to Busan,https://www.imdb.com/title/tt5700672/,Movie,7.6,118,2016,"Action, Horror, Thriller",263594,7/20/2016,Yeon Sang-ho,5,4/1/2020
222,4/12/2020,El Camino: A Breaking Bad Movie,https://www.imdb.com/title/tt9243946/,Movie,7.3,122,2019,"Action, Crime, Drama, Thriller",296196,10/11/2019,Vince Gilligan,7,4/12/2020
223,8/6/2020,Choruivati,https://www.imdb.com/title/tt4705666/,TV Movie,7.7,,2002,Comedy,109,2002,Mostofa Sarwar Farooki,8,8/6/2020
224,8/30/2020,Pain & Gain,https://www.imdb.com/title/tt1980209/,Movie,6.4,129,2013,"Action, Biography, Comedy, Crime, Drama, Mystery",231230,4/26/2013,Michael Bay,7,8/29/2020
225,9/2/2020,Bad Boys for Life,https://www.imdb.com/title/tt1502397/,Movie,6.5,124,2020,"Action, Comedy, Crime, Thriller",180998,1/17/2020,"Adil El Arbi, Bilall Fallah",4,9/2/2020
226,9/22/2020,Eternal Sunshine of the Spotless Mind,https://www.imdb.com/title/tt0338013/,Movie,8.3,108,2004,"Drama, Romance, Sci-Fi",1086493,3/19/2004,Michel Gondry,8,9/22/2020
227,9/22/2020,Good Will Hunting,https://www.imdb.com/title/tt0119217/,Movie,8.3,126,1997,"Drama, Romance",1082080,1/9/1998,Gus Van Sant,8,9/22/2020
228,10/7/2020,A Perfect Getaway,https://www.imdb.com/title/tt0971209/,Movie,6.5,98,2009,"Drama, Mystery, Thriller",76762,8/7/2009,David Twohy,5,10/7/2020
229,10/29/2020,Giovanni's Island,https://www.imdb.com/title/tt3178174/,Movie,7.3,102,2014,"Animation, Drama, History, War",2249,2/22/2014,"Mizuho Nishikubo, Masaki Tachibana",10,10/29/2020
230,11/22/2020,All the Bright Places,https://www.imdb.com/title/tt3907584/,Movie,6.6,107,2020,"Drama, Romance",39046,2/28/2020,Brett Haley,8,11/22/2020
231,12/5/2020,Third Person Singular Number,https://www.imdb.com/title/tt1514446/,Movie,7.1,124,2009,Drama,2950,12/10/2009,Mostofa Sarwar Farooki,8,12/5/2020
232,12/13/2020,Colorful,https://www.imdb.com/title/tt1677561/,Movie,7.3,126,2010,"Animation, Drama, Fantasy, Mystery",7131,8/21/2010,Keiichi Hara,8,12/13/2020
233,1/2/2021,Weathering with You,https://www.imdb.com/title/tt9426210/,Movie,7.5,112,2019,"Animation, Drama, Fantasy, Romance",57032,1/17/2020,Makoto Shinkai,,
234,1/11/2021,The Anthem of the Heart,https://www.imdb.com/title/tt4489416/,Movie,7.3,119,2015,"Animation, Drama, Family, Fantasy, Music",6409,9/19/2015,Tatsuyuki Nagai,,
235,1/16/2021,Rabbit Hole,https://www.imdb.com/title/tt0935075/,Movie,7,91,2010,Drama,51302,1/28/2011,John Cameron Mitchell,8,1/16/2021
236,1/18/2021,Manchester by the Sea,https://www.imdb.com/title/tt4034228/,Movie,7.8,137,2016,Drama,317225,12/16/2016,Kenneth Lonergan,8,1/15/2021
237,2/24/2021,The Silence of the Lambs,https://www.imdb.com/title/tt0102926/,Movie,8.6,118,1991,"Crime, Drama, Thriller",1563069,2/14/1991,Jonathan Demme,8,2/24/2021
238,2/25/2021,Flightplan,https://www.imdb.com/title/tt0408790/,Movie,6.3,98,2005,"Drama, Mystery, Thriller",172831,9/23/2005,Robert Schwentke,5,2/25/2021
239,2/25/2021,Ramer Sumati,https://www.imdb.com/title/tt0155094/,Movie,,,1977,Drama,0,,Gurudas Bagchi,,
240,2/25/2021,Shasti,https://www.imdb.com/title/tt2063775/,Movie,7.4,143,2004,"Drama, Family",113,2004,Chashi Nazrul Islam,8,2/25/2021
241,2/25/2021,Dui Duari,https://www.imdb.com/title/tt0314004/,Movie,7.8,136,2000,"Drama, Mystery",1010,2000,Humayun Ahmed,8,2/25/2021
242,2/25/2021,Sudden Rain,https://www.imdb.com/title/tt4744132/,Movie,8,182,1998,"Drama, Romance",960,1998,Basu Chatterjee,8,2/25/2021
243,2/25/2021,Urey Jai Bok Pokkhi,https://www.imdb.com/title/tt10608722/,TV Series,9.2,,2005,"Comedy, Drama",633,4/28/2005,,9,10/4/2021
244,2/25/2021,Shyamol Chhaya,https://www.imdb.com/title/tt0480732/,Movie,8.5,110,2004,Drama,2442,11/15/2004,Humayun Ahmed,8,2/25/2021
245,2/25/2021,Chandrokotha,https://www.imdb.com/title/tt0398846/,Movie,7.5,142,2003,Drama,469,8/22/2003,Humayun Ahmed,8,2/25/2021
246,2/25/2021,Debi,https://www.imdb.com/title/tt6520954/,Movie,7.7,107,2018,"Drama, Horror, Mystery",5215,11/9/2018,Anam Biswas,8,2/25/2021
247,2/25/2021,Bachelor,https://www.imdb.com/title/tt3032074/,Movie,7.5,148,2004,"Comedy, Drama, Romance",1186,1/31/2004,Mostofa Sarwar Farooki,8,2/25/2021
248,2/25/2021,Srabon Megher Din,https://www.imdb.com/title/tt0375093/,Movie,8.6,150,1999,"Drama, Romance",2722,3/31/1999,Humayun Ahmed,8,2/25/2021
249,2/25/2021,The Unnamed,https://www.imdb.com/title/tt5510934/,Movie,9,100,2016,Drama,5849,8/19/2016,Tauquir Ahmed,9,12/5/2020
250,2/25/2021,Monpura,https://www.imdb.com/title/tt1621830/,Movie,8.8,136,2009,"Crime, Drama, Musical, Romance",9303,12/21/2009,"Md. Hafizur Rahman, Giasuddin Selim",9,2/25/2021
251,4/4/2021,Fireworks,https://www.imdb.com/title/tt6317962/,Movie,5.5,90,2017,"Animation, Drama, Fantasy, Romance, Sci-Fi",3877,8/18/2017,"Yukihiro Miyamoto, Akiyuki Shinbô, Nobuyuki Takeuchi",6,4/4/2021
252,4/24/2021,Her Blue Sky,https://www.imdb.com/title/tt10981202/,Movie,6.8,106,2019,"Animation, Drama, Family, Fantasy, Music, Romance",1590,10/11/2019,Tatsuyuki Nagai,8,4/24/2021
253,4/25/2021,The Place Promised in Our Early Days,https://www.imdb.com/title/tt0381348/,Movie,6.9,90,2004,"Animation, Drama, Romance, Sci-Fi",15246,11/20/2004,"Makoto Shinkai, Yoshio Suzuki",7,4/25/2021
254,4/26/2021,Flavors of Youth,https://www.imdb.com/title/tt8176578/,Movie,6.6,74,2018,"Animation, Drama, Romance",8775,8/4/2018,"Haoling Li, Yoshitaka Takeuchi, Xiaoxing Yi",7,4/26/2021
255,4/29/2021,My Neighbor Totoro,https://www.imdb.com/title/tt0096283/,Movie,8.1,86,1988,"Animation, Comedy, Family, Fantasy",385355,7/13/1990,Hayao Miyazaki,7,4/29/2021
256,4/29/2021,Perfect Blue,https://www.imdb.com/title/tt0156887/,Movie,8,81,1997,"Animation, Crime, Drama, Mystery, Thriller",98039,8/20/1999,Satoshi Kon,,
257,5/9/2021,You,https://www.imdb.com/title/tt7335184/,TV Series,7.7,45,2018,"Crime, Drama, Romance, Thriller",304784,9/9/2018,,8,5/9/2021
258,5/30/2021,Wrath of Man,https://www.imdb.com/title/tt11083552/,Movie,7.1,119,2021,"Action, Crime, Thriller",211426,5/7/2021,Guy Ritchie,8,5/30/2021
259,6/6/2021,Now You See Me,https://www.imdb.com/title/tt1670345/,Movie,7.2,115,2013,"Crime, Mystery, Thriller",714073,5/31/2013,Louis Leterrier,7,6/6/2021
260,6/6/2021,The Mauritanian,https://www.imdb.com/title/tt4761112/,Movie,7.5,129,2021,"Biography, Crime, Drama, History, Thriller, War",62954,3/2/2021,Kevin Macdonald,9,6/1/2021
261,6/7/2021,Jack Reacher,https://www.imdb.com/title/tt0790724/,Movie,7,130,2012,"Action, Mystery, Thriller",367458,12/21/2012,Christopher McQuarrie,7,6/7/2021
262,6/27/2021,Cast Away,https://www.imdb.com/title/tt0162222/,Movie,7.8,143,2000,"Adventure, Drama, Romance",644437,12/22/2000,Robert Zemeckis,7,6/27/2021
263,6/29/2021,The Ice Road,https://www.imdb.com/title/tt3758814/,Movie,5.6,109,2021,"Action, Adventure, Thriller",48695,6/25/2021,Jonathan Hensleigh,6,6/29/2021
264,7/3/2021,Transsiberian,https://www.imdb.com/title/tt0800241/,Movie,6.6,111,2008,"Crime, Drama, Mystery, Thriller",54924,9/5/2008,Brad Anderson,8,7/3/2021
265,7/9/2021,World's Toughest Trucker,https://www.imdb.com/title/tt2377048/,TV Series,8,45,2012,"Game-Show, Reality-TV",54,1/6/2012,,8,7/9/2021
266,7/30/2021,The Raid: Redemption,https://www.imdb.com/title/tt1899353/,Movie,7.6,101,2011,"Action, Crime, Thriller",218396,4/13/2012,Gareth Evans,7,7/30/2021
267,7/30/2021,F9: The Fast Saga,https://www.imdb.com/title/tt5433138/,Movie,5.2,143,2021,"Action, Crime, Thriller",164164,6/25/2021,Justin Lin,5,7/30/2021
268,8/6/2021,Ice Age: Dawn of the Dinosaurs,https://www.imdb.com/title/tt1080016/,Movie,6.9,94,2009,"Animation, Adventure, Comedy, Family",266605,7/1/2009,"Carlos Saldanha, Michael Thurmeier",7,8/6/2021
269,8/10/2021,Extraction,https://www.imdb.com/title/tt8936646/,Movie,6.8,116,2020,"Action, Crime, Thriller",266557,4/24/2020,Sam Hargrave,7,8/12/2021
270,9/30/2021,Holler,https://www.imdb.com/title/tt6763778/,Movie,6.2,90,2020,Drama,1616,6/11/2021,Nicole Riegel,8,9/30/2021
271,11/14/2021,No Time to Die,https://www.imdb.com/title/tt2382320/,Movie,7.3,163,2021,"Action, Adventure, Thriller",448750,10/8/2021,Cary Joji Fukunaga,7,11/14/2021
272,11/16/2021,Kate,https://www.imdb.com/title/tt7737528/,Movie,6.2,106,2021,"Action, Adventure, Crime, Drama, Thriller",71271,9/10/2021,Cedric Nicolas-Troyan,5,11/16/2021
273,11/29/2021,Bodyguard,https://www.imdb.com/title/tt7493974/,TV Series,8,60,2018,"Crime, Drama, Thriller",150340,10/24/2018,,9,3/25/2022
274,1/22/2022,Revenge,https://www.imdb.com/title/tt6738136/,Movie,6.4,108,2017,"Action, Drama, Horror, Thriller",49313,5/11/2018,Coralie Fargeat,5,1/22/2022
275,3/15/2022,Old,https://www.imdb.com/title/tt10954652/,Movie,5.8,108,2021,"Drama, Horror, Mystery, Thriller",163916,7/23/2021,M. Night Shyamalan,5,3/18/2022
276,3/29/2022,Red Sparrow,https://www.imdb.com/title/tt2873282/,Movie,6.6,140,2018,"Action, Drama, Thriller",202999,3/2/2018,Francis Lawrence,8,3/29/2022
277,3/30/2022,Jack Reacher: Never Go Back,https://www.imdb.com/title/tt3393786/,Movie,6.1,118,2016,"Action, Crime, Drama, Thriller",177053,10/21/2016,Edward Zwick,7,3/30/2022
278,4/18/2022,The Impossible,https://www.imdb.com/title/tt1649419/,Movie,7.5,114,2012,"Drama, History, Thriller",246400,1/4/2013,J.A. Bayona,6,4/22/2022
279,5/10/2022,Ambulance,https://www.imdb.com/title/tt4998632/,Movie,6.1,136,2022,"Action, Crime, Drama, Thriller",101228,4/8/2022,Michael Bay,7,5/10/2022
280,5/13/2022,The Witcher: Nightmare of the Wolf,https://www.imdb.com/title/tt11657662/,Movie,7.2,83,2021,"Animation, Action, Adventure, Drama, Fantasy, Mystery",50801,8/23/2021,Kwang Il Han,7,5/13/2022
281,5/14/2022,The Tourist,https://www.imdb.com/title/tt11847842/,TV Series,7.1,,2022,"Action, Drama, Mystery, Thriller",30717,3/3/2022,,7,5/14/2022
282,5/15/2022,Castlevania,https://www.imdb.com/title/tt6517102/,TV Series,8.3,23,2017,"Animation, Action, Adventure, Drama, Fantasy, Horror",81945,7/7/2017,,8,8/23/2023
283,5/17/2022,The Northman,https://www.imdb.com/title/tt11138512/,Movie,7,137,2022,"Action, Adventure, Drama, Fantasy, History, Thriller",258255,4/22/2022,Robert Eggers,,
284,5/20/2022,"Love, Death & Robots",https://www.imdb.com/title/tt9561862/,TV Series,8.4,15,2019,"Animation, Short, Action, Adventure, Comedy, Drama, Fantasy, Horror, Mystery, Sci-Fi, Thriller",200213,3/15/2019,,7,5/20/2022
285,5/22/2022,The Adventures of Tintin,https://www.imdb.com/title/tt0983193/,Movie,7.3,107,2011,"Animation, Action, Adventure, Family, Mystery",244467,12/21/2011,Steven Spielberg,8,5/22/2022
286,5/24/2022,The Little Things,https://www.imdb.com/title/tt10016180/,Movie,6.3,128,2021,"Crime, Drama, Mystery, Thriller",128878,1/29/2021,John Lee Hancock,7,5/24/2022
287,5/28/2022,5 Centimeters per Second,https://www.imdb.com/title/tt0983213/,Movie,7.5,63,2007,"Animation, Drama, Family, Romance",64504,3/3/2007,Makoto Shinkai,7,6/3/2022
288,5/31/2022,Summer Ghost,https://www.imdb.com/title/tt15052770/,Short,7.3,40,2021,"Animation, Short, Drama, Fantasy",2040,11/12/2021,Loundraw,8,5/31/2022
289,6/3/2022,I Want to Eat Your Pancreas,https://www.imdb.com/title/tt7236034/,Movie,8,109,2018,"Animation, Drama, Family, Romance",25238,9/1/2018,"Jun'ichi Fujise, Tomoyuki Itamura, Masaharu Tomoda, Shin'ichirô Ushijima, Daisuke Yoshida, Fumihiro Yoshimura",9,6/3/2022
290,6/7/2022,"Josee, the Tiger and the Fish",https://www.imdb.com/title/tt12879624/,Movie,7.6,99,2020,"Animation, Drama, Romance",8212,7/12/2021,Kôtarô Tamura,8,6/7/2022
291,6/19/2022,Russia with Simon Reeve,https://www.imdb.com/title/tt7425366/,TV Series,7.8,,2017,Documentary,335,9/28/2017,,7,6/19/2022
292,6/22/2022,Mediterranean with Simon Reeve,https://www.imdb.com/title/tt9092642/,TV Mini Series,7.9,60,2018,Documentary,301,10/7/2018,,7,6/22/2022
293,6/27/2022,Interstellar,https://www.imdb.com/title/tt0816692/,Movie,8.7,169,2014,"Adventure, Drama, Sci-Fi",2131204,11/7/2014,Christopher Nolan,10,7/14/2022
294,6/27/2022,Inception,https://www.imdb.com/title/tt1375666/,Movie,8.8,148,2010,"Action, Adventure, Sci-Fi, Thriller",2573723,7/16/2010,Christopher Nolan,7,6/27/2022
295,6/28/2022,The Martian,https://www.imdb.com/title/tt3659388/,Movie,8,144,2015,"Adventure, Drama, Sci-Fi",933892,10/2/2015,Ridley Scott,7,6/28/2022
296,7/15/2022,The Black Phone,https://www.imdb.com/title/tt7144666/,Movie,6.9,103,2021,"Horror, Mystery, Thriller",202095,6/24/2022,Scott Derrickson,5,7/17/2022
297,7/17/2022,Murder on the Orient Express,https://www.imdb.com/title/tt3402236/,Movie,6.5,114,2017,"Crime, Drama, Mystery, Thriller",299951,11/10/2017,Kenneth Branagh,7,7/17/2022
298,8/13/2022,Prey,https://www.imdb.com/title/tt11866324/,Movie,7.1,100,2022,"Action, Adventure, Horror, Sci-Fi, Thriller",230906,8/5/2022,Dan Trachtenberg,5,8/13/2022
299,8/13/2022,Watcher,https://www.imdb.com/title/tt12004038/,Movie,6.3,96,2022,"Drama, Thriller",44716,6/3/2022,Chloe Okuno,6,8/13/2022
300,8/15/2022,Wind River,https://www.imdb.com/title/tt5362988/,Movie,7.7,107,2017,"Crime, Drama, Mystery, Thriller, Western",282982,8/18/2017,Taylor Sheridan,7,8/15/2022
301,8/16/2022,The Forgiven,https://www.imdb.com/title/tt3696180/,Movie,6.1,117,2021,Drama,9457,9/2/2022,John Michael McDonagh,8,8/16/2022
302,8/18/2022,Top Gun: Maverick,https://www.imdb.com/title/tt1745960/,Movie,8.2,130,2022,"Action, Drama",715880,5/27/2022,Joseph Kosinski,7,8/18/2022
303,8/20/2022,Top Gun,https://www.imdb.com/title/tt0092099/,Movie,6.9,109,1986,"Action, Drama",508238,5/16/1986,Tony Scott,8,8/20/2022
304,8/22/2022,American Psycho,https://www.imdb.com/title/tt0144084/,Movie,7.6,102,2000,"Crime, Drama, Horror",727016,4/14/2000,Mary Harron,8,8/22/2022
305,8/23/2022,Snowpiercer,https://www.imdb.com/title/tt1706620/,Movie,7.1,126,2013,"Action, Drama, Sci-Fi, Thriller",392045,7/11/2014,Bong Joon Ho,6,8/23/2022
306,8/24/2022,Fractured,https://www.imdb.com/title/tt4332232/,Movie,6.5,99,2019,"Drama, Mystery, Thriller",94483,10/11/2019,Brad Anderson,6,8/24/2022
307,8/25/2022,American Horror Stories,https://www.imdb.com/title/tt12306692/,TV Series,6.3,45,2021,"Drama, Horror, Mystery, Thriller",26625,7/15/2021,,7,8/25/2022
308,8/26/2022,Attack on Titan,https://www.imdb.com/title/tt2560140/,TV Series,9.1,24,2013,"Animation, Action, Adventure, Drama, Fantasy, Horror",531795,9/28/2013,,7,8/26/2022
309,8/26/2022,The Gray Man,https://www.imdb.com/title/tt1649418/,Movie,6.5,122,2022,"Action, Thriller",243192,7/22/2022,"Joe Russo, Anthony Russo",7,8/26/2022
310,8/28/2022,Split,https://www.imdb.com/title/tt4972582/,Movie,7.3,117,2016,"Horror, Thriller",561725,1/20/2017,M. Night Shyamalan,7,8/28/2022
311,8/28/2022,The Girl in the Spider's Web,https://www.imdb.com/title/tt5177088/,Movie,6.1,115,2018,"Action, Adventure, Crime, Drama, Mystery, Thriller",52285,11/9/2018,Fede Alvarez,7,8/28/2022
312,8/29/2022,Drive,https://www.imdb.com/title/tt0780504/,Movie,7.8,100,2011,"Action, Drama",711042,9/16/2011,Nicolas Winding Refn,8,8/29/2022
313,8/29/2022,Shame,https://www.imdb.com/title/tt1723811/,Movie,7.2,101,2011,Drama,207130,1/13/2012,Steve McQueen,7,8/29/2022
314,8/30/2022,Nocturnal Animals,https://www.imdb.com/title/tt4550098/,Movie,7.5,116,2016,"Drama, Thriller",311261,12/9/2016,Tom Ford,7,8/30/2022
315,9/15/2022,Emily the Criminal,https://www.imdb.com/title/tt15255876/,Movie,6.7,97,2022,"Crime, Drama, Mystery, Thriller",57882,8/12/2022,John Patton Ford,7,9/15/2022
316,9/20/2022,The Good Neighbor,https://www.imdb.com/title/tt14349032/,Movie,5.9,106,2022,"Crime, Mystery, Thriller",13502,6/17/2022,Stephan Rick,6,9/20/2022
317,9/21/2022,Gravity,https://www.imdb.com/title/tt1454468/,Movie,7.7,91,2013,"Drama, Sci-Fi, Thriller",866918,10/4/2013,Alfonso Cuarón,6,9/21/2022
318,9/23/2022,Act of Valor,https://www.imdb.com/title/tt1591479/,Movie,6.4,110,2012,"Action, Adventure, Thriller, War",71993,2/24/2012,"Mike McCoy, Scott Waugh",6,9/23/2022
319,9/23/2022,Black Crab,https://www.imdb.com/title/tt6708668/,Movie,5.7,114,2022,"Action, Adventure, Drama, Sci-Fi, Thriller, War",26631,3/18/2022,Adam Berg,6,9/23/2022
320,9/24/2022,Joy,https://www.imdb.com/title/tt2446980/,Movie,6.6,124,2015,"Biography, Drama",146445,12/25/2015,David O. Russell,7,9/24/2022
321,9/30/2022,Atomic Blonde,https://www.imdb.com/title/tt2406566/,Movie,6.7,115,2017,"Action, Thriller",208213,7/28/2017,David Leitch,7,9/30/2022
322,10/1/2022,Hacker,https://www.imdb.com/title/tt3173594/,Movie,6.1,95,2016,"Crime, Drama, Thriller",11448,12/2/2016,Akan Satayev,7,10/1/2022
323,10/1/2022,Den of Thieves,https://www.imdb.com/title/tt1259528/,Movie,7,140,2018,"Action, Crime, Drama, Thriller",124832,1/19/2018,Christian Gudegast,8,10/1/2022
324,10/3/2022,The Rundown,https://www.imdb.com/title/tt0327850/,Movie,6.7,104,2003,"Action, Adventure, Comedy, Thriller",143689,9/26/2003,Peter Berg,3,10/5/2022
325,10/6/2022,The Town,https://www.imdb.com/title/tt0840361/,Movie,7.5,125,2010,"Crime, Drama, Thriller",418690,9/17/2010,Ben Affleck,7,10/6/2022
326,10/10/2022,The Machinist,https://www.imdb.com/title/tt0361862/,Movie,7.6,101,2004,"Drama, Thriller",418289,12/3/2004,Brad Anderson,7,10/10/2022
327,10/10/2022,Nightcrawler,https://www.imdb.com/title/tt2872718/,Movie,7.8,117,2014,"Crime, Drama, Thriller",610476,10/31/2014,Dan Gilroy,7,10/10/2022
328,10/13/2022,Demolition,https://www.imdb.com/title/tt1172049/,Movie,7,101,2015,"Comedy, Drama",114267,4/8/2016,Jean-Marc Vallée,7,10/13/2022
329,10/14/2022,The Place Beyond the Pines,https://www.imdb.com/title/tt1817273/,Movie,7.3,140,2012,"Crime, Drama, Thriller",292478,4/19/2013,Derek Cianfrance,7,10/14/2022
330,10/28/2022,The Good Nurse,https://www.imdb.com/title/tt4273800/,Movie,6.8,121,2022,"Biography, Crime, Drama, Mystery, Thriller",80778,10/26/2022,Tobias Lindholm,8,10/28/2022
331,10/30/2022,Blue Valentine,https://www.imdb.com/title/tt1120985/,Movie,7.3,112,2010,"Drama, Romance",212634,1/28/2011,Derek Cianfrance,8,10/30/2022
332,11/6/2022,Causeway,https://www.imdb.com/title/tt10192406/,Movie,6.6,94,2022,Drama,23369,11/4/2022,Lila Neugebauer,7,11/6/2022
333,11/12/2022,The Score,https://www.imdb.com/title/tt0227445/,Movie,6.8,124,2001,"Action, Crime, Drama, Thriller",134733,7/13/2001,Frank Oz,7,11/12/2022
334,11/15/2022,Anna Karenina,https://www.imdb.com/title/tt1781769/,Movie,6.6,129,2012,"Drama, Romance",107128,9/7/2012,Joe Wright,6,11/15/2022
335,11/16/2022,Kill Bill: Vol. 1,https://www.imdb.com/title/tt0266697/,Movie,8.2,111,2003,"Action, Crime, Thriller",1205461,10/10/2003,Quentin Tarantino,7,11/16/2022
336,11/17/2022,Ronin,https://www.imdb.com/title/tt0122690/,Movie,7.2,122,1998,"Action, Crime, Thriller",196479,9/25/1998,John Frankenheimer,8,11/17/2022
337,11/18/2022,Silver Linings Playbook,https://www.imdb.com/title/tt1045658/,Movie,7.7,122,2012,"Comedy, Drama, Romance",746310,12/25/2012,David O. Russell,8,11/18/2022
338,12/4/2022,American Hustle,https://www.imdb.com/title/tt1800241/,Movie,7.2,138,2013,"Crime, Drama",502347,12/20/2013,David O. Russell,,
339,12/5/2022,Mother!,https://www.imdb.com/title/tt5109784/,Movie,6.6,121,2017,"Drama, Horror, Mystery",251877,9/15/2017,Darren Aronofsky,,
340,12/6/2022,Morbius,https://www.imdb.com/title/tt5108870/,Movie,5.1,104,2022,"Action, Adventure, Horror, Sci-Fi, Thriller",155957,4/1/2022,Daniel Espinosa,5,12/6/2022
341,12/7/2022,Constantine,https://www.imdb.com/title/tt0360486/,Movie,7,121,2005,"Action, Fantasy, Horror, Mystery",377568,2/18/2005,Francis Lawrence,,
342,12/11/2022,Rogue Agent,https://www.imdb.com/title/tt9731386/,Movie,6.4,115,2022,"Action, Adventure, Drama, Mystery, Thriller",12745,7/27/2022,"Declan Lawn, Adam Patterson",7,12/11/2022
343,12/12/2022,Against the Ice,https://www.imdb.com/title/tt13873302/,Movie,6.5,102,2022,"Adventure, Drama, History",28704,3/2/2022,Peter Flinth,7,12/12/2022
344,12/19/2022,Pather Panchali,https://www.imdb.com/title/tt0048473/,Movie,8.2,125,1955,Drama,38889,8/26/1955,Satyajit Ray,7,12/19/2022
345,12/23/2022,American Made,https://www.imdb.com/title/tt3532216/,Movie,7.1,115,2017,"Action, Comedy, Crime, Drama",210915,9/29/2017,Doug Liman,7,12/23/2022
346,12/26/2022,Orphan,https://www.imdb.com/title/tt1148204/,Movie,7,123,2009,"Horror, Mystery, Thriller",255201,7/24/2009,Jaume Collet-Serra,6,12/26/2022
347,12/30/2022,Aftersun,https://www.imdb.com/title/tt19770238/,Movie,7.6,102,2022,Drama,97681,11/18/2022,Charlotte Wells,,
348,1/1/2023,No Exit,https://www.imdb.com/title/tt7550014/,Movie,6.1,95,2022,"Drama, Mystery, Thriller",33435,2/25/2022,Damien Power,7,1/1/2023
349,1/2/2023,The Adjustment Bureau,https://www.imdb.com/title/tt1385826/,Movie,7,106,2011,"Crime, Drama, Mystery, Romance, Sci-Fi, Thriller",271918,3/4/2011,George Nolfi,7,1/2/2023
350,1/7/2023,6 Underground,https://www.imdb.com/title/tt8106534/,Movie,6.1,128,2019,"Action, Thriller",198694,12/13/2019,Michael Bay,6,1/7/2023
351,1/8/2023,End of Watch,https://www.imdb.com/title/tt1855199/,Movie,7.6,109,2012,"Action, Crime, Drama, Thriller",271188,9/21/2012,David Ayer,8,1/8/2023
352,1/10/2023,The Guilty,https://www.imdb.com/title/tt9421570/,Movie,6.3,90,2021,"Crime, Drama, Thriller",151607,10/1/2021,Antoine Fuqua,7,1/10/2023
353,1/16/2023,The Old Guard,https://www.imdb.com/title/tt7556122/,Movie,6.7,125,2020,"Action, Thriller",185597,7/10/2020,Gina Prince-Bythewood,2,1/16/2023
354,1/16/2023,Polar,https://www.imdb.com/title/tt4139588/,Movie,6.3,118,2019,"Action, Crime, Thriller",99849,1/25/2019,Jonas Åkerlund,6,1/23/2023
355,1/22/2023,Overdrive,https://www.imdb.com/title/tt1935194/,Movie,5.4,93,2017,"Action, Adventure, Crime, Thriller",16623,10/6/2017,Antonio Negret,4,1/22/2023
356,1/24/2023,The Accountant,https://www.imdb.com/title/tt2140479/,Movie,7.3,128,2016,"Action, Crime, Drama, Thriller",326070,10/14/2016,Gavin O'Connor,7,1/24/2023
357,1/25/2023,Pulp Fiction,https://www.imdb.com/title/tt0110912/,Movie,8.9,154,1994,"Crime, Drama",2241141,10/14/1994,Quentin Tarantino,7,1/25/2023
358,1/26/2023,The Girl with the Dragon Tattoo,https://www.imdb.com/title/tt1568346/,Movie,7.8,158,2011,"Crime, Drama, Mystery, Thriller",498164,12/21/2011,David Fincher,6,1/26/2023
359,1/26/2023,The Girl on the Train,https://www.imdb.com/title/tt3631112/,Movie,6.5,112,2016,"Crime, Drama, Mystery, Thriller",200570,10/7/2016,Tate Taylor,5,1/26/2023
360,1/31/2023,Death Wish,https://www.imdb.com/title/tt1137450/,Movie,6.3,107,2018,"Action, Crime, Drama, Thriller",77064,3/2/2018,Eli Roth,6,1/31/2023
361,2/7/2023,Memento,https://www.imdb.com/title/tt0209144/,Movie,8.4,113,2000,"Mystery, Thriller",1332865,5/25/2001,Christopher Nolan,5,2/7/2023
362,2/15/2023,Anna,https://www.imdb.com/title/tt7456310/,Movie,6.6,118,2019,"Action, Thriller",96883,6/21/2019,Luc Besson,7,2/15/2023
363,2/17/2023,Safe House,https://www.imdb.com/title/tt1599348/,Movie,6.7,115,2012,"Action, Thriller",237869,2/10/2012,Daniel Espinosa,7,2/17/2023
364,2/21/2023,2 Guns,https://www.imdb.com/title/tt1272878/,Movie,6.7,109,2013,"Action, Comedy, Thriller",226881,8/2/2013,Baltasar Kormákur,5,2/21/2023
365,2/21/2023,Mile 22,https://www.imdb.com/title/tt4560436/,Movie,6.1,94,2018,"Action, Thriller",87568,8/17/2018,Peter Berg,7,2/21/2023
366,2/22/2023,The Departed,https://www.imdb.com/title/tt0407887/,Movie,8.5,151,2006,"Crime, Drama, Thriller",1433878,10/6/2006,Martin Scorsese,8,2/22/2023
367,2/25/2023,The Interpreter,https://www.imdb.com/title/tt0373926/,Movie,6.4,128,2005,"Crime, Mystery, Thriller",111346,4/22/2005,Sydney Pollack,,
368,2/25/2023,The International,https://www.imdb.com/title/tt0963178/,Movie,6.5,118,2009,"Action, Crime, Drama, Mystery, Thriller",100519,2/13/2009,Tom Tykwer,,
369,3/1/2023,Body of Lies,https://www.imdb.com/title/tt0758774/,Movie,7,128,2008,"Action, Drama, Thriller",240589,10/10/2008,Ridley Scott,7,3/1/2023
370,3/3/2023,Unlocked,https://www.imdb.com/title/tt26160190/,Movie,6.4,117,2023,"Crime, Drama, Mystery, Thriller",10515,2/17/2023,Kim Tae-joon,6,3/3/2023
371,3/11/2023,Drishyam 2,https://www.imdb.com/title/tt15501640/,Movie,8.2,140,2022,"Crime, Drama, Mystery, Thriller",45439,11/18/2022,Abhishek Pathak,7,3/11/2023
372,3/11/2023,Drishyam,https://www.imdb.com/title/tt4430212/,Movie,8.2,163,2015,"Crime, Drama, Mystery, Thriller",95994,7/31/2015,Nishikant Kamat,8,3/11/2023
373,3/11/2023,Karnan,https://www.imdb.com/title/tt11581174/,Movie,8,158,2021,"Action, Drama",23798,4/9/2021,Mari Selvaraj,7,3/11/2023
374,5/6/2023,Mystic River,https://www.imdb.com/title/tt0327056/,Movie,7.9,138,2003,"Crime, Drama, Mystery, Thriller",489020,10/15/2003,Clint Eastwood,8,5/6/2023
375,5/6/2023,Tokyo Godfathers,https://www.imdb.com/title/tt0388473/,Movie,7.8,92,2003,"Animation, Adventure, Comedy, Drama",47374,11/8/2003,"Shôgo Furuya, Satoshi Kon",7,5/6/2023
376,5/6/2023,Evil Dead Rise,https://www.imdb.com/title/tt13345606/,Movie,6.5,96,2023,Horror,141355,4/21/2023,Lee Cronin,6,5/6/2023
377,5/6/2023,The Pope's Exorcist,https://www.imdb.com/title/tt13375076/,Movie,6.1,103,2023,"Horror, Thriller",86091,4/14/2023,Julius Avery,4,5/6/2023
378,5/6/2023,Van Helsing: The London Assignment,https://www.imdb.com/title/tt0406310/,Video,6,30,2004,"Animation, Short, Action, Adventure, Fantasy, Horror, Mystery",3440,5/11/2004,Sharon Bridgeman,6,5/6/2023
379,5/6/2023,The Return,https://www.imdb.com/title/tt0376968/,Movie,7.9,110,2003,Drama,47766,6/25/2003,Andrey Zvyagintsev,8,5/6/2023
380,5/6/2023,The Snowman,https://www.imdb.com/title/tt1758810/,Movie,5.2,119,2017,"Crime, Drama, Mystery, Thriller",72536,10/20/2017,Tomas Alfredson,5,5/6/2023
381,5/6/2023,Donnie Darko,https://www.imdb.com/title/tt0246578/,Movie,8,113,2001,"Drama, Mystery, Sci-Fi, Thriller",856426,1/19/2001,Richard Kelly,5,5/6/2023
382,5/6/2023,Goodfellas,https://www.imdb.com/title/tt0099685/,Movie,8.7,145,1990,"Biography, Crime, Drama",1269233,9/21/1990,Martin Scorsese,7,5/6/2023
383,5/6/2023,Snowden,https://www.imdb.com/title/tt3774114/,Movie,7.3,134,2016,"Biography, Crime, Drama, Thriller",164065,9/16/2016,Oliver Stone,7,5/6/2023
384,5/6/2023,Cairo Conspiracy,https://www.imdb.com/title/tt15452062/,Movie,7,126,2022,"Drama, Thriller",7495,1/1/2023,Tarik Saleh,7,5/6/2023
385,5/6/2023,Life of Pi,https://www.imdb.com/title/tt0454876/,Movie,7.9,127,2012,"Adventure, Drama, Fantasy",670675,11/21/2012,Ang Lee,7,5/6/2023
386,5/6/2023,Jack Ryan: Shadow Recruit,https://www.imdb.com/title/tt1205537/,Movie,6.2,105,2014,"Action, Drama, Thriller",138746,1/17/2014,Kenneth Branagh,6,5/6/2023
387,5/6/2023,Only God Forgives,https://www.imdb.com/title/tt1602613/,Movie,5.7,90,2013,"Action, Crime, Drama, Thriller",118720,5/22/2013,Nicolas Winding Refn,6,5/6/2023
388,5/6/2023,Vampire Hunter D: Bloodlust,https://www.imdb.com/title/tt0216651/,Movie,7.6,103,2000,"Animation, Action, Drama, Fantasy, Horror, Romance, Sci-Fi",36240,9/28/2001,Yoshiaki Kawajiri,7,5/6/2023
389,5/8/2023,Loft,https://www.imdb.com/title/tt0926762/,Movie,7.3,118,2008,"Crime, Drama, Mystery, Romance, Thriller",25095,10/22/2008,Erik Van Looy,7,5/8/2023
390,5/12/2023,The Hunt,https://www.imdb.com/title/tt2106476/,Movie,8.3,115,2012,Drama,368261,1/10/2013,Thomas Vinterberg,6,5/12/2023
391,5/12/2023,Law Abiding Citizen,https://www.imdb.com/title/tt1197624/,Movie,7.4,109,2009,"Action, Crime, Drama, Thriller",322452,10/16/2009,F. Gary Gray,6,5/12/2023
392,5/14/2023,Kalashnikov,https://www.imdb.com/title/tt11547520/,Movie,6.6,110,2020,"Biography, Drama, War",4929,2/20/2020,Konstantin Buslov,7,5/14/2023
393,5/27/2023,Scent of a Woman,https://www.imdb.com/title/tt0105323/,Movie,8,156,1992,Drama,332842,1/8/1993,Martin Brest,8,5/27/2023
394,5/29/2023,The Banishment,https://www.imdb.com/title/tt0488905/,Movie,7.5,150,2007,"Drama, Romance",9068,1/18/2018,Andrey Zvyagintsev,7,5/29/2023
395,6/16/2023,John Wick: Chapter 4,https://www.imdb.com/title/tt10366206/,Movie,7.7,169,2023,"Action, Crime, Thriller",342534,3/24/2023,Chad Stahelski,6,6/16/2023
396,6/19/2023,Extraction II,https://www.imdb.com/title/tt12263384/,Movie,7,122,2023,"Action, Crime, Thriller",151865,6/16/2023,Sam Hargrave,6,6/19/2023
397,6/20/2023,Woh Lamhe ...,https://www.imdb.com/title/tt0833561/,Movie,6.5,156,2006,"Biography, Drama, Romance",1639,9/29/2006,Mohit Suri,3,6/20/2023
398,6/25/2023,Guy Ritchie's the Covenant,https://www.imdb.com/title/tt4873118/,Movie,7.5,123,2023,"Action, Drama, Thriller, War",169113,4/21/2023,Guy Ritchie,7,6/25/2023
399,6/27/2023,Fast X,https://www.imdb.com/title/tt5433140/,Movie,5.7,141,2023,"Action, Adventure, Crime, Mystery, Thriller",122594,5/19/2023,Louis Leterrier,3,6/27/2023
400,6/27/2023,Reservoir Dogs,https://www.imdb.com/title/tt0105236/,Movie,8.3,99,1992,"Crime, Thriller",1096430,9/2/1992,Quentin Tarantino,9,6/27/2023
401,7/4/2023,12 Strong,https://www.imdb.com/title/tt1413492/,Movie,6.5,130,2018,"Action, Drama, History, War",92962,1/19/2018,Nicolai Fuglsig,6,7/4/2023
402,7/7/2023,Before Sunset,https://www.imdb.com/title/tt0381681/,Movie,8.1,80,2004,"Drama, Romance",290684,7/30/2004,Richard Linklater,7,7/7/2023
403,7/8/2023,Leviathan,https://www.imdb.com/title/tt2802154/,Movie,7.6,140,2014,"Crime, Drama",57190,2/5/2015,Andrey Zvyagintsev,8,7/8/2023
404,7/21/2023,Chernobyl,https://www.imdb.com/title/tt7366338/,TV Mini Series,9.3,41,2019,"Drama, History, Thriller",880516,5/6/2019,,6,7/21/2023
405,7/21/2023,Messiah,https://www.imdb.com/title/tt7671598/,TV Series,7.6,43,2020,"Drama, Mystery, Thriller",47196,1/1/2020,,7,7/21/2023
406,7/21/2023,Tom Clancy's Jack Ryan,https://www.imdb.com/title/tt5057054/,TV Series,8,60,2018,"Action, Drama, Thriller",177480,8/31/2018,,7,7/21/2023
407,7/28/2023,Jiban Niye Khela,https://www.imdb.com/title/tt4219268/,Movie,7.5,125,1999,Drama,34,7/8/1999,Anjan Choudhury,8,7/28/2023
408,8/7/2023,Insomnia,https://www.imdb.com/title/tt0278504/,Movie,7.2,118,2002,"Drama, Mystery, Thriller",321260,5/24/2002,Christopher Nolan,7,8/7/2023
409,8/12/2023,Gone Baby Gone,https://www.imdb.com/title/tt0452623/,Movie,7.6,114,2007,"Crime, Drama, Mystery, Thriller",295698,10/19/2007,Ben Affleck,5,8/12/2023
410,8/13/2023,Satan's Slaves 2: Communion,https://www.imdb.com/title/tt16915972/,Movie,6.7,119,2022,"Drama, Horror, Mystery",3936,11/4/2022,Joko Anwar,3,8/13/2023
411,8/13/2023,No Hard Feelings,https://www.imdb.com/title/tt15671028/,Movie,6.4,103,2023,"Comedy, Romance",167985,6/23/2023,Gene Stupnitsky,6,8/13/2023
412,8/13/2023,Beasts of No Nation,https://www.imdb.com/title/tt1365050/,Movie,7.7,137,2015,"Drama, War",87339,10/16/2015,Cary Joji Fukunaga,7,8/13/2023
413,8/16/2023,Luther: The Fallen Sun,https://www.imdb.com/title/tt3155298/,Movie,6.4,129,2023,"Crime, Drama, Mystery, Thriller",65776,3/10/2023,Jamie Payne,6,8/16/2023
414,8/24/2023,Triple Frontier,https://www.imdb.com/title/tt1488606/,Movie,6.5,125,2019,"Action, Thriller",147683,3/13/2019,J.C. Chandor,7,8/24/2023
415,8/24/2023,13 Hours: The Secret Soldiers of Benghazi,https://www.imdb.com/title/tt4172430/,Movie,7.3,144,2016,"Action, Drama, History, Thriller, War",162454,1/15/2016,Michael Bay,7,8/24/2023
416,8/26/2023,Blackhat,https://www.imdb.com/title/tt2717822/,Movie,5.5,133,2015,"Action, Crime, Thriller",64712,1/16/2015,Michael Mann,6,8/26/2023
417,9/2/2023,Surongo,https://www.imdb.com/title/tt28218009/,Movie,6.8,150,2023,"Crime, Drama, Mystery, Romance, Thriller",28792,6/29/2023,Raihan Rafi,7,9/2/2023
418,9/4/2023,Hawa,https://www.imdb.com/title/tt10928202/,Movie,7.7,131,2022,"Drama, Mystery",6585,7/29/2022,Mejbaur Rahman Sumon,7,9/4/2023
419,9/4/2023,Mirror Game,https://www.imdb.com/title/tt5354160/,Movie,8.9,147,2016,"Crime, Mystery, Thriller",29923,9/30/2016,Amitabh Reza Chowdhury,6,9/4/2023
420,9/6/2023,Ford v Ferrari,https://www.imdb.com/title/tt1950186/,Movie,8.1,152,2019,"Action, Biography, Drama, Sport",485882,11/15/2019,James Mangold,7,9/6/2023
421,9/6/2023,Speed,https://www.imdb.com/title/tt0111257/,Movie,7.3,116,1994,"Action, Adventure, Thriller",395236,6/10/1994,Jan de Bont,6,9/6/2023
422,9/15/2023,Talk to Me,https://www.imdb.com/title/tt10638522/,Movie,7.1,95,2022,"Horror, Thriller",154742,7/28/2023,"Danny Philippou, Michael Philippou",7,9/15/2023
423,9/22/2023,The Last Voyage of the Demeter,https://www.imdb.com/title/tt1001520/,Movie,6.1,118,2023,"Fantasy, Horror",53603,8/11/2023,André Øvredal,5,9/22/2023
424,9/23/2023,The Exorcist,https://www.imdb.com/title/tt0070047/,Movie,8.1,122,1973,Horror,459181,12/26/1973,William Friedkin,6,9/23/2023
425,10/13/2023,The Equalizer 3,https://www.imdb.com/title/tt17024450/,Movie,6.8,109,2023,"Action, Crime, Thriller",124867,9/1/2023,Antoine Fuqua,6,10/13/2023
426,10/15/2023,Mission: Impossible - Dead Reckoning Part One,https://www.imdb.com/title/tt9603212/,Movie,7.7,163,2023,"Action, Adventure, Thriller",255753,7/12/2023,Christopher McQuarrie,7,10/15/2023
427,10/24/2023,Saw X,https://www.imdb.com/title/tt21807222/,Movie,6.6,118,2023,"Horror, Mystery, Thriller",78995,9/29/2023,Kevin Greutert,4,10/24/2023
428,11/11/2023,The Mist,https://www.imdb.com/title/tt0884328/,Movie,7.1,126,2007,"Horror, Sci-Fi, Thriller",343861,11/21/2007,Frank Darabont,4,11/11/2023
429,11/12/2023,Blue Eye Samurai,https://www.imdb.com/title/tt13309742/,TV Series,8.7,45,2023,"Animation, Action, Adventure, Drama, History, Thriller",72361,11/3/2023,,9,11/12/2023
430,11/22/2023,Requiem for a Dream,https://www.imdb.com/title/tt0180093/,Movie,8.3,102,2000,Drama,905775,12/15/2000,Darren Aronofsky,7,11/22/2023
431,12/17/2023,Enemy,https://www.imdb.com/title/tt2316411/,Movie,6.9,91,2013,"Drama, Mystery, Thriller",217572,2/6/2014,Denis Villeneuve,3,12/17/2023
432,1/7/2024,Jalsa,https://www.imdb.com/title/tt15361028/,Movie,6.6,126,2022,"Drama, Thriller",6984,3/18/2022,Suresh Triveni,7,1/7/2024
433,1/8/2024,The Lie,https://www.imdb.com/title/tt7945440/,Movie,5.8,97,2018,"Drama, Thriller",20749,10/6/2020,Veena Sud,6,1/8/2024
434,1/18/2024,The Fool,https://www.imdb.com/title/tt3560686/,Movie,8,116,2014,"Crime, Drama, Thriller",16608,9/16/2015,Yuriy Bykov,7,1/18/2024
435,1/22/2024,Section 375,https://www.imdb.com/title/tt8144834/,Movie,8.1,124,2019,"Crime, Drama, Mystery, Thriller",18369,9/13/2019,Ajay Bahl,8,1/22/2024
436,1/23/2024,Deepwater Horizon,https://www.imdb.com/title/tt1860357/,Movie,7.1,107,2016,"Action, Drama, History, Thriller",184346,9/30/2016,Peter Berg,7,1/23/2024
437,1/25/2024,Oldboy,https://www.imdb.com/title/tt0364569/,Movie,8.3,120,2003,"Action, Drama, Mystery, Thriller",642838,11/21/2003,Park Chan-wook,7,1/25/2024
438,1/30/2024,The Recruit,https://www.imdb.com/title/tt0292506/,Movie,6.6,115,2003,"Action, Thriller",142804,1/31/2003,Roger Donaldson,7,1/30/2024
439,2/2/2024,Fight Club,https://www.imdb.com/title/tt0137523/,Movie,8.8,139,1999,Drama,2348908,10/15/1999,David Fincher,7,2/2/2024
440,2/6/2024,The Balkan Line,https://www.imdb.com/title/tt5951188/,Movie,6.6,130,2019,"Action, War",10604,2021,Andrey Volgin,7,2/6/2024
441,2/7/2024,The Beekeeper,https://www.imdb.com/title/tt15314262/,Movie,6.4,105,2024,"Action, Crime, Thriller",113808,1/12/2024,David Ayer,7,2/7/2024
442,2/21/2024,Land of Bad,https://www.imdb.com/title/tt19864802/,Movie,6.5,113,2024,"Action, Thriller",26649,2/16/2024,William Eubank,6,2/21/2024
443,3/27/2024,Fracture,https://www.imdb.com/title/tt0488120/,Movie,7.2,113,2007,"Crime, Drama, Thriller",220377,4/20/2007,Gregory Hoblit,7,3/27/2024
444,4/8/2024,Enemy at the Gates,https://www.imdb.com/title/tt0215750/,Movie,7.5,131,2001,"Action, Drama, War",279141,3/16/2001,Jean-Jacques Annaud,7,4/8/2024
445,4/8/2024,300,https://www.imdb.com/title/tt0416449/,Movie,7.6,117,2006,"Action, Drama",869886,3/9/2007,Zack Snyder,7,4/8/2024
446,4/8/2024,300: Rise of an Empire,https://www.imdb.com/title/tt1253863/,Movie,6.2,102,2014,"Action, Drama",317761,3/7/2014,Noam Murro,7,4/8/2024
447,4/9/2024,Lord of War,https://www.imdb.com/title/tt0399295/,Movie,7.6,122,2005,"Crime, Drama",339445,9/16/2005,Andrew Niccol,6,4/9/2024
448,4/30/2024,Zodiac,https://www.imdb.com/title/tt0443706/,Movie,7.7,157,2007,"Crime, Drama, Mystery, Thriller",604268,3/2/2007,David Fincher,6,4/30/2024
449,5/10/2024,Hanna,https://www.imdb.com/title/tt0993842/,Movie,6.7,111,2011,"Action, Adventure, Drama, Thriller",207503,4/8/2011,Joe Wright,6,5/10/2024
450,5/15/2024,Incendies,https://www.imdb.com/title/tt1255953/,Movie,8.3,131,2010,"Drama, Mystery, War",205495,1/12/2011,Denis Villeneuve,6,5/15/2024
451,5/22/2024,Sword of the Stranger,https://www.imdb.com/title/tt1121794/,Movie,7.7,103,2007,"Animation, Action, Adventure",18431,2/5/2009,Masahiro Andou,7,5/22/2024
452,6/19/2024,The Major,https://www.imdb.com/title/tt2594950/,Movie,7.2,99,2013,"Action, Crime, Drama",4862,8/8/2013,Yuriy Bykov,7,6/19/2024
453,6/23/2024,WWE Smackdown!,https://www.imdb.com/title/tt0227972/,TV Series,7.3,120,1999,"Action, Sport",7056,4/27/1999,,,
454,6/23/2024,Expedition Unknown,https://www.imdb.com/title/tt4305162/,TV Series,8.2,60,2015,"Adventure, Mystery, Reality-TV",3830,1/8/2015,,9,6/23/2024
455,6/23/2024,Criss Angel Mindfreak,https://www.imdb.com/title/tt0461622/,TV Series,5.8,30,2005,"Fantasy, Reality-TV",2748,7/20/2005,,7,6/23/2024
456,6/23/2024,Deception with Keith Barry,https://www.imdb.com/title/tt1910527/,TV Series,6,43,2010,Reality-TV,40,7/14/2010,,8,6/23/2024
457,6/24/2024,Metro,https://www.imdb.com/title/tt2649128/,Movie,6.4,133,2013,"Action, Drama, Thriller",7921,2/21/2013,Anton Megerdichev,7,6/24/2024
458,7/5/2024,"Sunlight, Moonlight, Earth",https://www.imdb.com/title/tt4712310/,Movie,6,77,2013,Drama,15,2013,Ali Ghavitan,7,7/5/2024
459,7/15/2024,Taxi Driver,https://www.imdb.com/title/tt0075314/,Movie,8.2,114,1976,"Crime, Drama",930639,2/9/1976,Martin Scorsese,7,7/15/2024
460,7/15/2024,Maharaja,https://www.imdb.com/title/tt26548265/,Movie,8.7,150,2024,"Action, Drama, Thriller",12866,6/14/2024,Nithilan Saminathan,6,7/15/2024
461,7/16/2024,Dune: Part One,https://www.imdb.com/title/tt1160419/,Movie,8,155,2021,"Action, Adventure, Drama, Sci-Fi",888067,10/22/2021,Denis Villeneuve,7,7/16/2024
462,7/16/2024,The Prestige,https://www.imdb.com/title/tt0482571/,Movie,8.5,130,2006,"Drama, Mystery, Sci-Fi, Thriller",1453873,10/20/2006,Christopher Nolan,7,7/16/2024
463,7/16/2024,Gold,https://www.imdb.com/title/tt6020800/,Movie,5.4,97,2022,"Action, Adventure, Thriller",12725,3/18/2022,Anthony Hayes,6,7/16/2024
464,7/16/2024,Catch Me If You Can,https://www.imdb.com/title/tt0264464/,Movie,8.1,141,2002,"Biography, Crime, Drama",1108204,12/25/2002,Steven Spielberg,7,7/16/2024
465,7/16/2024,The Wolf of Wall Street,https://www.imdb.com/title/tt0993846/,Movie,8.2,180,2013,"Biography, Comedy, Crime, Drama",1601972,12/25/2013,Martin Scorsese,7,7/16/2024
466,7/17/2024,War Dogs,https://www.imdb.com/title/tt2005151/,Movie,7.1,114,2016,"Biography, Comedy, Crime, Drama, War",259824,8/19/2016,Todd Phillips,8,7/17/2024
